-- phpMyAdmin SQL Dump
-- version 5.1.1
-- https://www.phpmyadmin.net/
--
-- Host: localhost
-- Generation Time: Feb 20, 2022 at 03:42 AM
-- Server version: 10.4.21-MariaDB
-- PHP Version: 8.1.2

SET SQL_MODE = "NO_AUTO_VALUE_ON_ZERO";
START TRANSACTION;
SET time_zone = "+00:00";


/*!40101 SET @OLD_CHARACTER_SET_CLIENT=@@CHARACTER_SET_CLIENT */;
/*!40101 SET @OLD_CHARACTER_SET_RESULTS=@@CHARACTER_SET_RESULTS */;
/*!40101 SET @OLD_COLLATION_CONNECTION=@@COLLATION_CONNECTION */;
/*!40101 SET NAMES utf8mb4 */;

--
-- Database: `MovingDB`
--

-- --------------------------------------------------------

--
-- Table structure for table `ClientInfo`
--

CREATE TABLE `ClientInfo` (
  `ClientID` int(11) NOT NULL,
  `PhoneNumber` varchar(20) NOT NULL,
  `Email` varchar(60) NOT NULL,
  `Fname` varchar(50) NOT NULL,
  `Lname` varchar(50) NOT NULL
) ENGINE=InnoDB DEFAULT CHARSET=utf8mb4;

--
-- Dumping data for table `ClientInfo`
--

INSERT INTO `ClientInfo` (`ClientID`, `PhoneNumber`, `Email`, `Fname`, `Lname`) VALUES
(1001, '773-803-8290', 'ClaySchamberger@outlook.com', 'Clay', 'Schamberger'),
(1002, '749-336-2302', 'DomenickWitting@outlook.com', 'Domenick', 'Witting'),
(1003, '582-325-1065', 'KristofferZiemann@outlook.com', 'Kristoffer', 'Ziemann'),
(1004, '667-881-0120', 'JamieSchowalter@outlook.com', 'Jamie', 'Schowalter'),
(1005, '693-609-7227', 'HudsonRolfson@gmail.com', 'Hudson', 'Rolfson'),
(1006, '396-409-5516', 'ErnestLehner@gmail.com', 'Ernest', 'Lehner'),
(1007, '747-591-9582', 'BrandtJakubowski@outlook.com', 'Brandt', 'Jakubowski'),
(1008, '805-271-3226', 'TobinConroy@gmail.com', 'Tobin', 'Conroy'),
(1009, '974-254-9914', 'QueenieLindgren@outlook.com', 'Queenie', 'Lindgren'),
(1010, '853-859-4300', 'BrennaNader@outlook.com', 'Brenna', 'Nader'),
(1011, '569-945-4378', 'JustynGibson@outlook.com', 'Justyn', 'Gibson'),
(1012, '907-467-1520', 'GavinKohler@gmail.com', 'Gavin', 'Kohler'),
(1013, '330-387-3661', 'NoemieKuvalis@yahoo.com', 'Noemie', 'Kuvalis'),
(1014, '284-208-9903', 'SandraWaters@outlook.com', 'Sandra', 'Waters'),
(1015, '309-242-4390', 'RaquelSmitham@gmail.com', 'Raquel', 'Smitham'),
(1016, '609-869-0664', 'LoganFeil@yahoo.com', 'Logan', 'Feil'),
(1017, '385-598-3203', 'GeraldJohns@gmail.com', 'Gerald', 'Johns'),
(1018, '408-835-7217', 'TiaraKlocko@gmail.com', 'Tiara', 'Klocko'),
(1019, '298-971-3320', 'RichardZboncak@yahoo.com', 'Richard', 'Zboncak'),
(1020, '208-266-9186', 'JamaalNicolas@outlook.com', 'Jamaal', 'Nicolas'),
(1021, '329-547-1662', 'AidenAbbott@gmail.com', 'Aiden', 'Abbott'),
(1022, '533-770-8676', 'TheresaHettinger@outlook.com', 'Theresa', 'Hettinger'),
(1023, '489-420-5123', 'FrederikLittel@gmail.com', 'Frederik', 'Littel'),
(1024, '603-236-7982', 'OsvaldoBogisich@gmail.com', 'Osvaldo', 'Bogisich'),
(1025, '601-200-1875', 'KieraBauch@yahoo.com', 'Kiera', 'Bauch'),
(1026, '217-279-9146', 'DestiniBergnaum@gmail.com', 'Destini', 'Bergnaum'),
(1027, '505-896-9179', 'MalikaGrady@outlook.com', 'Malika', 'Grady'),
(1028, '270-474-5097', 'AlHayes@outlook.com', 'Al', 'Hayes'),
(1029, '543-841-2699', 'AmirLangosh@gmail.com', 'Amir', 'Langosh'),
(1030, '271-446-1304', 'DangeloDickinson@yahoo.com', 'Dangelo', 'Dickinson'),
(1031, '861-895-1850', 'PattieDach@yahoo.com', 'Pattie', 'Dach'),
(1032, '315-358-0803', 'AbelardoGlover@gmail.com', 'Abelardo', 'Glover'),
(1033, '856-770-7529', 'FreddieLebsack@yahoo.com', 'Freddie', 'Lebsack'),
(1034, '983-407-8181', 'JeffereyMcLaughlin@outlook.com', 'Jefferey', 'McLaughlin'),
(1035, '697-285-4598', 'SusanWhite@outlook.com', 'Susan', 'White'),
(1036, '265-258-2004', 'AurelieKiehn@yahoo.com', 'Aurelie', 'Kiehn'),
(1037, '261-693-8534', 'OleMcCullough@gmail.com', 'Ole', 'McCullough'),
(1038, '791-499-5563', 'PhilipHoppe@yahoo.com', 'Philip', 'Hoppe'),
(1039, '847-787-3788', 'EdmundCummerata@yahoo.com', 'Edmund', 'Cummerata'),
(1040, '268-833-1303', 'JettieWindler@outlook.com', 'Jettie', 'Windler'),
(1041, '239-335-4853', 'AbdulJast@yahoo.com', 'Abdul', 'Jast'),
(1042, '386-481-1262', 'KasandraHalvorson@yahoo.com', 'Kasandra', 'Halvorson'),
(1043, '858-764-7704', 'OttoGoldner@outlook.com', 'Otto', 'Goldner'),
(1044, '803-690-8956', 'MaryamBahringer@outlook.com', 'Maryam', 'Bahringer'),
(1045, '474-931-5755', 'DorotheaDouglas@outlook.com', 'Dorothea', 'Douglas'),
(1046, '443-459-0173', 'ClaudineBuckridge@outlook.com', 'Claudine', 'Buckridge'),
(1047, '453-870-5523', 'ChadrickHalvorson@outlook.com', 'Chadrick', 'Halvorson'),
(1048, '676-754-0656', 'AlberthaCrona@yahoo.com', 'Albertha', 'Crona'),
(1049, '488-290-4541', 'NettieHoeger@gmail.com', 'Nettie', 'Hoeger'),
(1050, '339-343-5205', 'HavenRath@yahoo.com', 'Haven', 'Rath'),
(1051, '858-543-5554', 'AmiraWillms@gmail.com', 'Amira', 'Willms'),
(1052, '520-278-9452', 'VivienneLittel@yahoo.com', 'Vivienne', 'Littel'),
(1053, '908-894-8883', 'SavannaRowe@gmail.com', 'Savanna', 'Rowe'),
(1054, '340-562-5262', 'KeyonRolfson@gmail.com', 'Keyon', 'Rolfson'),
(1055, '464-949-7572', 'JoseMante@outlook.com', 'Jose', 'Mante'),
(1056, '533-685-1481', 'BrandtFriesen@yahoo.com', 'Brandt', 'Friesen'),
(1057, '802-489-9835', 'TryciaSporer@outlook.com', 'Trycia', 'Sporer'),
(1058, '615-220-7137', 'JulesCummerata@outlook.com', 'Jules', 'Cummerata'),
(1059, '278-726-0444', 'AnsleyBeahan@outlook.com', 'Ansley', 'Beahan'),
(1060, '300-992-0686', 'PaoloPaucek@gmail.com', 'Paolo', 'Paucek'),
(1061, '352-790-1538', 'LyricWyman@yahoo.com', 'Lyric', 'Wyman'),
(1062, '846-527-4112', 'ZacharyGrant@yahoo.com', 'Zachary', 'Grant'),
(1063, '298-592-0239', 'RubyeHeller@yahoo.com', 'Rubye', 'Heller'),
(1064, '689-722-6592', 'EbonyGerlach@outlook.com', 'Ebony', 'Gerlach'),
(1065, '924-787-5470', 'ChristyHayes@gmail.com', 'Christy', 'Hayes'),
(1066, '964-762-2232', 'JohanBauch@yahoo.com', 'Johan', 'Bauch'),
(1067, '931-255-9642', 'BriaBauch@yahoo.com', 'Bria', 'Bauch'),
(1068, '848-531-0544', 'CarolyneJohnston@yahoo.com', 'Carolyne', 'Johnston'),
(1069, '512-688-4169', 'LaishaPadberg@yahoo.com', 'Laisha', 'Padberg'),
(1070, '799-292-7711', 'AlyshaHintz@yahoo.com', 'Alysha', 'Hintz'),
(1071, '940-727-8539', 'ScottieGleason@outlook.com', 'Scottie', 'Gleason'),
(1072, '398-521-8013', 'EltaHodkiewicz@outlook.com', 'Elta', 'Hodkiewicz'),
(1073, '493-763-3729', 'MadalineStrosin@gmail.com', 'Madaline', 'Strosin'),
(1074, '984-677-6307', 'KatelynnStiedemann@yahoo.com', 'Katelynn', 'Stiedemann'),
(1075, '713-580-5461', 'MagdalenTurcotte@outlook.com', 'Magdalen', 'Turcotte'),
(1076, '759-273-0918', 'AlessiaO\'Connell@outlook.com', 'Alessia', 'O\'Connell'),
(1077, '263-371-4140', 'VivaHamill@gmail.com', 'Viva', 'Hamill'),
(1078, '700-988-5575', 'BrandiJacobs@outlook.com', 'Brandi', 'Jacobs'),
(1079, '823-308-6795', 'FredCrona@outlook.com', 'Fred', 'Crona'),
(1080, '874-383-7594', 'TyshawnStracke@yahoo.com', 'Tyshawn', 'Stracke'),
(1081, '637-893-4459', 'MaybellWilliamson@gmail.com', 'Maybell', 'Williamson'),
(1082, '521-716-3250', 'RaymundoBauch@gmail.com', 'Raymundo', 'Bauch'),
(1083, '344-919-4395', 'OdaGoldner@outlook.com', 'Oda', 'Goldner'),
(1084, '498-439-7657', 'MaymieDeckow@outlook.com', 'Maymie', 'Deckow'),
(1085, '605-451-3722', 'KodyWelch@yahoo.com', 'Kody', 'Welch'),
(1086, '395-312-0208', 'EffieThiel@outlook.com', 'Effie', 'Thiel'),
(1087, '254-524-8111', 'NinaJakubowski@yahoo.com', 'Nina', 'Jakubowski'),
(1088, '420-304-5958', 'JarrettHaley@outlook.com', 'Jarrett', 'Haley'),
(1089, '262-593-9265', 'TremaineHyatt@outlook.com', 'Tremaine', 'Hyatt'),
(1090, '552-891-7174', 'DelphiaBosco@gmail.com', 'Delphia', 'Bosco'),
(1091, '806-443-5877', 'PaulO\'Reilly@gmail.com', 'Paul', 'O\'Reilly'),
(1092, '212-911-4835', 'OrenCassin@gmail.com', 'Oren', 'Cassin'),
(1093, '318-875-7216', 'MicaelaGrant@gmail.com', 'Micaela', 'Grant'),
(1094, '359-472-5990', 'SamanthaBorer@yahoo.com', 'Samantha', 'Borer'),
(1095, '944-396-5467', 'LianaLeannon@outlook.com', 'Liana', 'Leannon'),
(1096, '792-394-9988', 'RachelleBechtelar@gmail.com', 'Rachelle', 'Bechtelar'),
(1097, '405-402-5606', 'AutumnBogisich@outlook.com', 'Autumn', 'Bogisich'),
(1098, '452-581-4094', 'SantosLegros@yahoo.com', 'Santos', 'Legros'),
(1099, '476-798-0351', 'AlessiaDavis@yahoo.com', 'Alessia', 'Davis'),
(1100, '507-480-6652', 'MaximusBeier@outlook.com', 'Maximus', 'Beier'),
(1101, '378-857-5358', 'LetitiaCole@yahoo.com', 'Letitia', 'Cole'),
(1102, '926-888-6201', 'JerrellVolkman@gmail.com', 'Jerrell', 'Volkman'),
(1103, '368-216-6482', 'ElodyEmmerich@yahoo.com', 'Elody', 'Emmerich'),
(1104, '458-643-8897', 'LaurineWyman@outlook.com', 'Laurine', 'Wyman'),
(1105, '753-854-7511', 'DavonteBreitenberg@yahoo.com', 'Davonte', 'Breitenberg'),
(1106, '988-698-5084', 'AxelGleason@yahoo.com', 'Axel', 'Gleason'),
(1107, '379-794-7283', 'BrockHaag@yahoo.com', 'Brock', 'Haag'),
(1108, '429-956-7075', 'IsraelLesch@gmail.com', 'Israel', 'Lesch'),
(1109, '268-819-9801', 'BettySmitham@yahoo.com', 'Betty', 'Smitham'),
(1110, '376-393-2257', 'KieraLindgren@yahoo.com', 'Kiera', 'Lindgren'),
(1111, '456-837-0850', 'FabiolaSchmeler@yahoo.com', 'Fabiola', 'Schmeler'),
(1112, '580-795-9005', 'RitaHintz@gmail.com', 'Rita', 'Hintz'),
(1113, '924-421-8828', 'SisterBrakus@gmail.com', 'Sister', 'Brakus'),
(1114, '855-837-0586', 'AylaGrant@outlook.com', 'Ayla', 'Grant'),
(1115, '536-584-1921', 'GraceBlick@gmail.com', 'Grace', 'Blick'),
(1116, '703-214-0697', 'TyrellMarvin@outlook.com', 'Tyrell', 'Marvin'),
(1117, '786-305-2802', 'AndrewLedner@gmail.com', 'Andrew', 'Ledner'),
(1118, '400-980-3056', 'BartonDaniel@outlook.com', 'Barton', 'Daniel'),
(1119, '715-592-1772', 'AnaisBecker@gmail.com', 'Anais', 'Becker'),
(1120, '479-297-3536', 'MayeChamplin@outlook.com', 'Maye', 'Champlin'),
(1121, '693-861-0070', 'MadilynBrown@yahoo.com', 'Madilyn', 'Brown'),
(1122, '851-887-3147', 'ChasityLeannon@yahoo.com', 'Chasity', 'Leannon'),
(1123, '874-968-6735', 'MarceloO\'Kon@yahoo.com', 'Marcelo', 'O\'Kon'),
(1124, '286-900-2550', 'SigridRaynor@gmail.com', 'Sigrid', 'Raynor'),
(1125, '725-309-9174', 'HilmaSchmitt@yahoo.com', 'Hilma', 'Schmitt'),
(1126, '426-616-0507', 'MylesGrimes@outlook.com', 'Myles', 'Grimes'),
(1127, '357-893-8999', 'AlbertaKuhlman@yahoo.com', 'Alberta', 'Kuhlman'),
(1128, '660-285-3640', 'DoraBlanda@outlook.com', 'Dora', 'Blanda'),
(1129, '748-793-4780', 'DovieMoore@gmail.com', 'Dovie', 'Moore'),
(1130, '922-282-7556', 'CarlottaBartoletti@gmail.com', 'Carlotta', 'Bartoletti'),
(1131, '723-274-5016', 'SavionFerry@gmail.com', 'Savion', 'Ferry'),
(1132, '414-757-2940', 'JarenSpinka@gmail.com', 'Jaren', 'Spinka'),
(1133, '352-376-8993', 'VallieCarroll@outlook.com', 'Vallie', 'Carroll'),
(1134, '449-999-7488', 'VilmaKemmer@gmail.com', 'Vilma', 'Kemmer'),
(1135, '885-540-6980', 'TimmothyLemke@outlook.com', 'Timmothy', 'Lemke'),
(1136, '833-951-1994', 'BartWisoky@outlook.com', 'Bart', 'Wisoky'),
(1137, '467-330-2335', 'OtiliaTurcotte@yahoo.com', 'Otilia', 'Turcotte'),
(1138, '334-641-2797', 'BonitaSwift@yahoo.com', 'Bonita', 'Swift'),
(1139, '776-792-9243', 'LeeWest@gmail.com', 'Lee', 'West'),
(1140, '997-902-4088', 'AubreyDaniel@yahoo.com', 'Aubrey', 'Daniel'),
(1141, '874-986-1176', 'MaryseHermiston@gmail.com', 'Maryse', 'Hermiston'),
(1142, '630-408-8953', 'RandyMitchell@gmail.com', 'Randy', 'Mitchell'),
(1143, '218-739-1406', 'JacklynKunde@gmail.com', 'Jacklyn', 'Kunde'),
(1144, '777-235-8239', 'CodyBorer@outlook.com', 'Cody', 'Borer'),
(1145, '369-309-6772', 'RonaldoSatterfield@gmail.com', 'Ronaldo', 'Satterfield'),
(1146, '584-868-3106', 'NicoleGrady@outlook.com', 'Nicole', 'Grady'),
(1147, '614-759-2101', 'RebaZemlak@yahoo.com', 'Reba', 'Zemlak'),
(1148, '392-514-0526', 'FloHoeger@outlook.com', 'Flo', 'Hoeger'),
(1149, '516-623-4637', 'LinneaFeeney@yahoo.com', 'Linnea', 'Feeney'),
(1150, '937-201-8891', 'MargueriteBayer@yahoo.com', 'Marguerite', 'Bayer'),
(1151, '777-929-2983', 'HillaryBergstrom@yahoo.com', 'Hillary', 'Bergstrom'),
(1152, '536-231-7381', 'EliasSwift@yahoo.com', 'Elias', 'Swift'),
(1153, '926-220-3690', 'GladysWyman@gmail.com', 'Gladys', 'Wyman'),
(1154, '326-739-7141', 'MadilynRosenbaum@outlook.com', 'Madilyn', 'Rosenbaum'),
(1155, '530-710-4080', 'WillaSenger@yahoo.com', 'Willa', 'Senger'),
(1156, '346-923-6283', 'MeaghanKunze@outlook.com', 'Meaghan', 'Kunze'),
(1157, '452-298-6589', 'ShannonHermann@yahoo.com', 'Shannon', 'Hermann'),
(1158, '732-246-3493', 'MakaylaLindgren@yahoo.com', 'Makayla', 'Lindgren'),
(1159, '592-246-5745', 'EdgarFahey@outlook.com', 'Edgar', 'Fahey'),
(1160, '704-999-9839', 'MyaFlatley@yahoo.com', 'Mya', 'Flatley'),
(1161, '610-774-1113', 'EvertKiehn@yahoo.com', 'Evert', 'Kiehn'),
(1162, '231-912-8613', 'TaureanShields@gmail.com', 'Taurean', 'Shields'),
(1163, '531-260-6138', 'NoeliaEmard@outlook.com', 'Noelia', 'Emard'),
(1164, '645-926-8798', 'SybleGerlach@outlook.com', 'Syble', 'Gerlach'),
(1165, '274-528-8590', 'TerenceJast@outlook.com', 'Terence', 'Jast'),
(1166, '404-587-6566', 'AlaynaBeier@yahoo.com', 'Alayna', 'Beier'),
(1167, '215-453-9242', 'CourtneyBoyle@gmail.com', 'Courtney', 'Boyle'),
(1168, '666-655-2850', 'KeshaunHauck@gmail.com', 'Keshaun', 'Hauck'),
(1169, '394-736-8068', 'VadaConnelly@outlook.com', 'Vada', 'Connelly'),
(1170, '241-360-6626', 'VerniceRodriguez@outlook.com', 'Vernice', 'Rodriguez'),
(1171, '403-705-6663', 'BrownHessel@gmail.com', 'Brown', 'Hessel'),
(1172, '424-925-3821', 'KamrenCremin@yahoo.com', 'Kamren', 'Cremin'),
(1173, '230-350-9513', 'SerenityD\'Amore@yahoo.com', 'Serenity', 'D\'Amore'),
(1174, '918-223-4105', 'LaurianneSporer@gmail.com', 'Laurianne', 'Sporer'),
(1175, '939-342-4014', 'LuraReinger@gmail.com', 'Lura', 'Reinger'),
(1176, '327-416-4575', 'HattieKessler@outlook.com', 'Hattie', 'Kessler'),
(1177, '660-212-1075', 'CallieHarvey@outlook.com', 'Callie', 'Harvey'),
(1178, '452-500-9616', 'TrevorYost@outlook.com', 'Trevor', 'Yost'),
(1179, '440-982-9094', 'MortimerWaters@yahoo.com', 'Mortimer', 'Waters'),
(1180, '620-691-9585', 'GermaineVeum@yahoo.com', 'Germaine', 'Veum'),
(1181, '756-385-6230', 'CleoraRitchie@yahoo.com', 'Cleora', 'Ritchie'),
(1182, '658-323-3620', 'SamNikolaus@gmail.com', 'Sam', 'Nikolaus'),
(1183, '385-208-2718', 'BartTorphy@yahoo.com', 'Bart', 'Torphy'),
(1184, '238-663-8641', 'ChristopherWolf@outlook.com', 'Christopher', 'Wolf'),
(1185, '917-394-8314', 'MaximeBode@gmail.com', 'Maxime', 'Bode'),
(1186, '969-404-6222', 'MariannaVandervort@gmail.com', 'Marianna', 'Vandervort'),
(1187, '237-796-3214', 'AliceCasper@gmail.com', 'Alice', 'Casper'),
(1188, '302-603-0083', 'KoreyThompson@yahoo.com', 'Korey', 'Thompson'),
(1189, '576-789-6419', 'MarianeGusikowski@gmail.com', 'Mariane', 'Gusikowski'),
(1190, '253-340-9984', 'DylanHoppe@gmail.com', 'Dylan', 'Hoppe'),
(1191, '734-735-5022', 'MaiyaKuhic@yahoo.com', 'Maiya', 'Kuhic'),
(1192, '850-350-6197', 'RoslynKirlin@outlook.com', 'Roslyn', 'Kirlin'),
(1193, '286-991-2104', 'RubyeTowne@yahoo.com', 'Rubye', 'Towne'),
(1194, '393-294-0508', 'GeorgeBechtelar@outlook.com', 'George', 'Bechtelar'),
(1195, '841-729-0864', 'TateKreiger@yahoo.com', 'Tate', 'Kreiger'),
(1196, '664-218-3117', 'MiracleAbshire@yahoo.com', 'Miracle', 'Abshire'),
(1197, '476-835-6801', 'BettieTerry@outlook.com', 'Bettie', 'Terry'),
(1198, '476-213-4209', 'EstefaniaRussel@gmail.com', 'Estefania', 'Russel'),
(1199, '236-371-2556', 'ShainaSwift@outlook.com', 'Shaina', 'Swift'),
(1200, '788-399-5231', 'JerrodLegros@gmail.com', 'Jerrod', 'Legros'),
(1201, '344-796-4651', 'BuddyReilly@outlook.com', 'Buddy', 'Reilly'),
(1202, '227-615-6186', 'ZoieSkiles@yahoo.com', 'Zoie', 'Skiles'),
(1203, '481-713-6281', 'KayleeWintheiser@gmail.com', 'Kaylee', 'Wintheiser'),
(1204, '388-641-7536', 'AdellCarroll@yahoo.com', 'Adell', 'Carroll'),
(1205, '443-747-4459', 'KarsonKonopelski@outlook.com', 'Karson', 'Konopelski'),
(1206, '446-583-5886', 'VelmaHammes@yahoo.com', 'Velma', 'Hammes'),
(1207, '464-974-5131', 'KenyaArmstrong@yahoo.com', 'Kenya', 'Armstrong'),
(1208, '650-661-0877', 'OtiliaGoyette@outlook.com', 'Otilia', 'Goyette'),
(1209, '828-323-2586', 'KentonKris@gmail.com', 'Kenton', 'Kris'),
(1210, '574-304-6407', 'DagmarLowe@outlook.com', 'Dagmar', 'Lowe'),
(1211, '435-220-5757', 'QueenieBorer@gmail.com', 'Queenie', 'Borer'),
(1212, '918-260-6335', 'LayneHyatt@yahoo.com', 'Layne', 'Hyatt'),
(1213, '353-774-9535', 'JohannJast@outlook.com', 'Johann', 'Jast'),
(1214, '770-492-6212', 'KayceeLynch@yahoo.com', 'Kaycee', 'Lynch'),
(1215, '696-446-9222', 'DarrellPfeffer@outlook.com', 'Darrell', 'Pfeffer'),
(1216, '922-340-6947', 'AndreaneErdman@outlook.com', 'Andreane', 'Erdman'),
(1217, '447-609-4525', 'LucasMarks@gmail.com', 'Lucas', 'Marks'),
(1218, '860-821-5453', 'DoraRippin@outlook.com', 'Dora', 'Rippin'),
(1219, '276-528-1615', 'NikitaBreitenberg@yahoo.com', 'Nikita', 'Breitenberg'),
(1220, '635-259-6850', 'ZacharyGislason@yahoo.com', 'Zachary', 'Gislason'),
(1221, '506-401-7789', 'RalphSenger@gmail.com', 'Ralph', 'Senger'),
(1222, '891-555-7198', 'MaryseFadel@gmail.com', 'Maryse', 'Fadel'),
(1223, '643-535-8146', 'BrendanSchowalter@yahoo.com', 'Brendan', 'Schowalter'),
(1224, '898-914-2885', 'OsvaldoBartell@outlook.com', 'Osvaldo', 'Bartell'),
(1225, '700-391-8036', 'TessLehner@gmail.com', 'Tess', 'Lehner'),
(1226, '448-261-2355', 'VallieCollier@outlook.com', 'Vallie', 'Collier'),
(1227, '284-964-6926', 'AlyssonBoyer@outlook.com', 'Alysson', 'Boyer'),
(1228, '996-603-2154', 'JayceHermann@yahoo.com', 'Jayce', 'Hermann'),
(1229, '356-970-7737', 'EdaDietrich@yahoo.com', 'Eda', 'Dietrich'),
(1230, '780-861-1744', 'JimmyFeest@outlook.com', 'Jimmy', 'Feest'),
(1231, '719-434-6265', 'EwellRussel@outlook.com', 'Ewell', 'Russel'),
(1232, '876-836-3986', 'MavisErnser@yahoo.com', 'Mavis', 'Ernser'),
(1233, '919-857-3126', 'JulieWatsica@gmail.com', 'Julie', 'Watsica'),
(1234, '587-837-0853', 'CandidoGutmann@outlook.com', 'Candido', 'Gutmann'),
(1235, '866-442-5840', 'ShirleySchuster@yahoo.com', 'Shirley', 'Schuster'),
(1236, '953-715-7761', 'BryceLarson@outlook.com', 'Bryce', 'Larson'),
(1237, '257-506-0860', 'IleneFraney@outlook.com', 'Ilene', 'Franey'),
(1238, '945-507-5632', 'LiamO\'Hara@yahoo.com', 'Liam', 'O\'Hara'),
(1239, '865-637-1439', 'OliverLuettgen@yahoo.com', 'Oliver', 'Luettgen'),
(1240, '688-312-4784', 'MertieBrakus@outlook.com', 'Mertie', 'Brakus'),
(1241, '962-299-9911', 'MurlDaugherty@yahoo.com', 'Murl', 'Daugherty'),
(1242, '485-310-2154', 'LynnBarrows@yahoo.com', 'Lynn', 'Barrows'),
(1243, '956-666-6677', 'EzekielFay@outlook.com', 'Ezekiel', 'Fay'),
(1244, '927-345-4124', 'SusannaCasper@gmail.com', 'Susanna', 'Casper'),
(1245, '346-905-5842', 'KennaLockman@yahoo.com', 'Kenna', 'Lockman'),
(1246, '698-867-5790', 'FrederiqueToy@yahoo.com', 'Frederique', 'Toy'),
(1247, '500-791-2621', 'SavannaKris@gmail.com', 'Savanna', 'Kris'),
(1248, '301-713-7881', 'AbrahamSatterfield@gmail.com', 'Abraham', 'Satterfield'),
(1249, '272-412-9937', 'OrlandoJaskolski@gmail.com', 'Orlando', 'Jaskolski'),
(1250, '900-759-2448', 'RubenHickle@yahoo.com', 'Ruben', 'Hickle'),
(1251, '723-685-4374', 'KeaganSchiller@gmail.com', 'Keagan', 'Schiller'),
(1252, '968-834-1400', 'BrendaMedhurst@yahoo.com', 'Brenda', 'Medhurst'),
(1253, '839-935-7972', 'JamarLind@outlook.com', 'Jamar', 'Lind'),
(1254, '320-734-4159', 'MargarettRogahn@outlook.com', 'Margarett', 'Rogahn'),
(1255, '692-662-9299', 'JavonLemke@yahoo.com', 'Javon', 'Lemke'),
(1256, '871-252-6244', 'ColbyMonahan@outlook.com', 'Colby', 'Monahan'),
(1257, '557-673-4043', 'RafaelMcDermott@outlook.com', 'Rafael', 'McDermott'),
(1258, '559-723-8312', 'NeilSwaniawski@yahoo.com', 'Neil', 'Swaniawski'),
(1259, '733-485-3131', 'BrannonHammes@outlook.com', 'Brannon', 'Hammes'),
(1260, '702-864-4516', 'AracelyKub@outlook.com', 'Aracely', 'Kub'),
(1261, '514-320-2496', 'BarryLowe@outlook.com', 'Barry', 'Lowe'),
(1262, '682-225-9533', 'BrantMoore@gmail.com', 'Brant', 'Moore'),
(1263, '449-994-8193', 'DerickReinger@yahoo.com', 'Derick', 'Reinger'),
(1264, '597-632-6699', 'StephenStanton@yahoo.com', 'Stephen', 'Stanton'),
(1265, '717-378-5966', 'EricFlatley@yahoo.com', 'Eric', 'Flatley'),
(1266, '695-507-4948', 'ClaudineBoehm@yahoo.com', 'Claudine', 'Boehm'),
(1267, '602-788-8129', 'ShainaGrant@outlook.com', 'Shaina', 'Grant'),
(1268, '254-778-4458', 'ZenaHayes@outlook.com', 'Zena', 'Hayes'),
(1269, '347-408-3713', 'NobleDoyle@yahoo.com', 'Noble', 'Doyle'),
(1270, '469-472-2329', 'CamilleCollins@gmail.com', 'Camille', 'Collins'),
(1271, '858-756-5604', 'AlvahKirlin@outlook.com', 'Alvah', 'Kirlin'),
(1272, '503-544-3526', 'MorganGutmann@outlook.com', 'Morgan', 'Gutmann'),
(1273, '690-919-9539', 'ZoraOberbrunner@outlook.com', 'Zora', 'Oberbrunner'),
(1274, '982-492-1122', 'AftonWatsica@gmail.com', 'Afton', 'Watsica'),
(1275, '485-860-0266', 'RaphaelPredovic@gmail.com', 'Raphael', 'Predovic'),
(1276, '476-728-9526', 'LouieTorp@outlook.com', 'Louie', 'Torp'),
(1277, '332-735-2978', 'MadelynnPowlowski@outlook.com', 'Madelynn', 'Powlowski'),
(1278, '773-740-3694', 'VedaPacocha@yahoo.com', 'Veda', 'Pacocha'),
(1279, '326-389-9129', 'AnahiWest@yahoo.com', 'Anahi', 'West'),
(1280, '416-428-3995', 'VernLeannon@yahoo.com', 'Vern', 'Leannon'),
(1281, '396-662-4541', 'FurmanLabadie@gmail.com', 'Furman', 'Labadie'),
(1282, '642-314-5439', 'HelmerStoltenberg@yahoo.com', 'Helmer', 'Stoltenberg'),
(1283, '802-693-2853', 'MaymieKuphal@gmail.com', 'Maymie', 'Kuphal'),
(1284, '830-510-5107', 'AbnerJast@yahoo.com', 'Abner', 'Jast'),
(1285, '572-865-3970', 'BetteJohns@outlook.com', 'Bette', 'Johns'),
(1286, '350-926-8037', 'AmayaHowell@gmail.com', 'Amaya', 'Howell'),
(1287, '257-442-3816', 'LeonelFritsch@yahoo.com', 'Leonel', 'Fritsch'),
(1288, '560-276-6181', 'AntoninaMayer@gmail.com', 'Antonina', 'Mayer'),
(1289, '628-470-3910', 'GagePouros@outlook.com', 'Gage', 'Pouros'),
(1290, '946-483-5059', 'KodyRitchie@yahoo.com', 'Kody', 'Ritchie'),
(1291, '206-990-6223', 'SybleKertzmann@gmail.com', 'Syble', 'Kertzmann'),
(1292, '570-412-8982', 'OtisRoob@yahoo.com', 'Otis', 'Roob'),
(1293, '795-828-5484', 'CheyenneFay@outlook.com', 'Cheyenne', 'Fay'),
(1294, '288-297-8845', 'HaleyFritsch@outlook.com', 'Haley', 'Fritsch'),
(1295, '310-710-2235', 'KendraO\'Connell@yahoo.com', 'Kendra', 'O\'Connell'),
(1296, '411-886-9437', 'EvelineMacGyver@yahoo.com', 'Eveline', 'MacGyver'),
(1297, '260-931-9793', 'StanfordBecker@yahoo.com', 'Stanford', 'Becker'),
(1298, '353-667-2671', 'TitoRunolfsdottir@gmail.com', 'Tito', 'Runolfsdottir'),
(1299, '799-660-1595', 'BartholomeMacejkovic@yahoo.com', 'Bartholome', 'Macejkovic'),
(1300, '981-326-7750', 'HopeLarkin@gmail.com', 'Hope', 'Larkin');

-- --------------------------------------------------------

--
-- Table structure for table `Employee`
--

CREATE TABLE `Employee` (
  `EmployeeID` int(11) NOT NULL,
  `Fname` varchar(50) NOT NULL,
  `Lname` varchar(50) NOT NULL,
  `Position` varchar(50) NOT NULL,
  `FranchiseID` int(11) NOT NULL
) ENGINE=InnoDB DEFAULT CHARSET=utf8mb4;

--
-- Dumping data for table `Employee`
--

INSERT INTO `Employee` (`EmployeeID`, `Fname`, `Lname`, `Position`, `FranchiseID`) VALUES
(1, 'Chris', 'Guidry', 'Manager', 1),
(2, 'Eric', 'Jones', 'Mover', 1),
(3, 'Thomas', 'Rivera', 'Mover', 1),
(4, 'Ryan', 'Hebert', 'Mover', 1),
(5, 'Vincent', 'Abshire', 'Manager', 2),
(6, 'Michael', 'Clark', 'Mover', 2),
(7, 'Connor', 'Milton', 'Mover', 2),
(8, 'Jack', 'Benson', 'Mover', 2);

-- --------------------------------------------------------

--
-- Table structure for table `Franchise`
--

CREATE TABLE `Franchise` (
  `FranchiseID` int(11) NOT NULL,
  `City` varchar(50) NOT NULL,
  `State` varchar(50) NOT NULL,
  `Address` varchar(50) NOT NULL,
  `FranchiseOwner` varchar(50) NOT NULL
) ENGINE=InnoDB DEFAULT CHARSET=utf8mb4;

--
-- Dumping data for table `Franchise`
--

INSERT INTO `Franchise` (`FranchiseID`, `City`, `State`, `Address`, `FranchiseOwner`) VALUES
(1, 'Lafayette', 'Louisiana', '121 Rue Louis XIV', 'Louis Anderson'),
(2, 'Baton Rouge', 'Louisiana', '9002 S Choctaw Dr', 'Ben Davis'),
(3, 'New Orleans', 'Louisiana', '210 Euterpe St', 'Sam Wilson');

-- --------------------------------------------------------

--
-- Table structure for table `JobInfo`
--

CREATE TABLE `JobInfo` (
  `JobID` int(11) NOT NULL,
  `Day` int(11) NOT NULL,
  `Month` int(11) NOT NULL,
  `jYear` int(11) NOT NULL,
  `ClientID` int(11) NOT NULL,
  `OriginalCity` varchar(50) NOT NULL,
  `OriginalStreetAddress` varchar(50) NOT NULL,
  `DestinationCity` varchar(50) NOT NULL,
  `DestinationStreetAddress` varchar(50) NOT NULL,
  `FranchiseID` int(11) NOT NULL
) ENGINE=InnoDB DEFAULT CHARSET=utf8mb4;

--
-- Dumping data for table `JobInfo`
--

INSERT INTO `JobInfo` (`JobID`, `Day`, `Month`, `jYear`, `ClientID`, `OriginalCity`, `OriginalStreetAddress`, `DestinationCity`, `DestinationStreetAddress`, `FranchiseID`) VALUES
(1, 20, 4, 2019, 1001, 'Bossier City', '263 Jermaine Manors', 'Monroe', '73 Liliana Plaza', 2),
(2, 7, 11, 2019, 1002, 'Metairie', '29 Goodwin Ferry', 'Houma', '132 Lawrence Meadow', 2),
(3, 19, 12, 2019, 1003, 'Lafayette', '669 Mueller Neck', 'Lafayette', '713 Katelynn Lights', 1),
(4, 5, 6, 2021, 1004, 'Baton Rouge', '705 Bosco Village', 'Lafayette', '675 Legros Street', 3),
(5, 27, 4, 2022, 1005, 'Lake Charles', '176 Bednar Isle', 'New Orleans', '724 Lester Land', 3),
(6, 26, 3, 2019, 1006, 'Shreveport', '489 Lindgren Via', 'Metairie', '580 Eleanore Vista', 2),
(7, 17, 8, 2019, 1007, 'Shreveport', '125 Hand Greens', 'Metairie', '429 Rogahn Trace', 3),
(8, 10, 11, 2020, 1008, 'Alexandria', '615 Funk Forges', 'Bossier City', '2 Moen Meadow', 1),
(9, 26, 9, 2019, 1009, 'Lake Charles', '378 Raynor Lock', 'Bossier City', '600 Greyson Summit', 3),
(10, 28, 5, 2021, 1010, 'Baton Rouge', '266 Anabelle Gardens', 'Baton Rouge', '351 Kemmer Island', 1),
(11, 12, 10, 2019, 1011, 'Lafayette', '229 Michel Station', 'Shreveport', '310 Kiehn Key', 3),
(12, 9, 3, 2022, 1012, 'Lafayette', '258 Terence Highway', 'Alexandria', '457 Jacobson Stream', 3),
(13, 10, 10, 2021, 1013, 'Metairie', '704 Hahn Junctions', 'Lafayette', '256 Keith Street', 1),
(14, 29, 6, 2020, 1014, 'Lafayette', '626 Vickie Village', 'Houma', '335 Cummerata Drives', 1),
(15, 12, 8, 2021, 1015, 'Lafayette', '319 Kertzmann Manor', 'Bossier City', '206 Bradly Shoal', 3),
(16, 24, 9, 2019, 1016, 'Kenner', '73 Grimes Mountain', 'Houma', '152 Kunde Pass', 3),
(17, 6, 9, 2019, 1017, 'Shreveport', '124 Jessie Hill', 'Shreveport', '173 Cummings Plains', 1),
(18, 7, 6, 2020, 1018, 'Alexandria', '176 Jennyfer Causeway', 'Lake Charles', '301 Littel Run', 2),
(19, 15, 12, 2021, 1019, 'New Orleans', '493 Renner Drive', 'Lake Charles', '670 Funk Roads', 1),
(20, 25, 3, 2021, 1020, 'Bossier City', '522 Greenfelder Course', 'Bossier City', '163 Kshlerin Garden', 1),
(21, 9, 8, 2020, 1021, 'Lake Charles', '92 Hamill Field', 'Lake Charles', '555 Myrtle Junctions', 3),
(22, 23, 10, 2021, 1022, 'Lake Charles', '599 Ernestine Ports', 'Monroe', '495 Morar Pike', 2),
(23, 27, 11, 2020, 1023, 'Lafayette', '639 Bogisich Passage', 'New Orleans', '466 Rowe Road', 2),
(24, 7, 5, 2022, 1024, 'Alexandria', '448 Amanda Keys', 'Alexandria', '624 Schmeler Park', 1),
(25, 29, 1, 2020, 1025, 'Lake Charles', '82 Goodwin Loaf', 'Lake Charles', '534 Rosemary Port', 2),
(26, 30, 5, 2019, 1026, 'Lake Charles', '315 Liana Plains', 'Lake Charles', '575 Schowalter Land', 3),
(27, 23, 10, 2021, 1027, 'Monroe', '249 Schroeder Cliffs', 'Metairie', '446 Theresia Islands', 1),
(28, 5, 5, 2020, 1028, 'Alexandria', '204 Dewitt Springs', 'Shreveport', '291 Herzog Isle', 2),
(29, 7, 2, 2020, 1029, 'Lake Charles', '450 Jabari Pines', 'Alexandria', '493 Mireille Plains', 1),
(30, 14, 9, 2020, 1030, 'Bossier City', '222 Heaney Stravenue', 'Lafayette', '437 Donna Stream', 3),
(31, 6, 6, 2020, 1031, 'Lake Charles', '393 Armando Center', 'Metairie', '704 Ruecker Mission', 2),
(32, 15, 1, 2020, 1032, 'Bossier City', '641 Lesch Junctions', 'Alexandria', '247 Franecki River', 1),
(33, 9, 6, 2021, 1033, 'Shreveport', '497 Brian Lodge', 'Metairie', '557 Magdalena Harbors', 3),
(34, 4, 4, 2019, 1034, 'Metairie', '712 VonRueden Roads', 'Lake Charles', '485 Jace Oval', 3),
(35, 19, 2, 2022, 1035, 'New Orleans', '617 Aylin Flat', 'Lafayette', '142 Kozey Gateway', 3),
(36, 25, 11, 2019, 1036, 'Monroe', '290 Amanda Vista', 'Metairie', '349 Effertz Ridges', 2),
(37, 3, 5, 2022, 1037, 'Shreveport', '738 VonRueden Hill', 'Alexandria', '498 Haag Hill', 1),
(38, 18, 3, 2020, 1038, 'Metairie', '711 Florence Loaf', 'Bossier City', '233 Eusebio Row', 1),
(39, 8, 1, 2019, 1039, 'Houma', '15 Wisoky Port', 'Alexandria', '97 Ansel Wells', 1),
(40, 10, 3, 2020, 1040, 'Bossier City', '228 Larson Islands', 'New Orleans', '711 Milton Point', 3),
(41, 16, 12, 2019, 1041, 'Lafayette', '221 Fritsch Manors', 'Shreveport', '605 Toy Springs', 2),
(42, 30, 9, 2021, 1042, 'Lake Charles', '525 Jace Inlet', 'Lafayette', '286 Florian Forge', 3),
(43, 2, 7, 2020, 1043, 'Bossier City', '435 Enrique Lakes', 'Baton Rouge', '297 Gleason Ports', 3),
(44, 24, 8, 2020, 1044, 'Lake Charles', '209 Kassulke Brook', 'Houma', '230 Tromp Mill', 2),
(45, 7, 11, 2019, 1045, 'Alexandria', '266 Augustus Ville', 'Kenner', '196 Padberg Extensions', 3),
(46, 14, 1, 2022, 1046, 'Metairie', '205 Jana Way', 'New Orleans', '171 Kshlerin Parks', 2),
(47, 21, 8, 2021, 1047, 'Lafayette', '178 Torp Ways', 'Kenner', '418 Willow Camp', 1),
(48, 23, 2, 2021, 1048, 'Monroe', '714 Kunde Tunnel', 'New Orleans', '351 Walter Manor', 1),
(49, 22, 10, 2020, 1049, 'Shreveport', '666 Kilback Harbors', 'Kenner', '44 Rodriguez Creek', 1),
(50, 7, 6, 2021, 1050, 'Bossier City', '512 Sammie Centers', 'Shreveport', '643 Nolan Path', 3),
(51, 31, 8, 2021, 1051, 'New Orleans', '168 April Wells', 'New Orleans', '344 Kulas Harbor', 3),
(52, 22, 8, 2020, 1052, 'Metairie', '296 Olson Shoals', 'Bossier City', '474 Greyson Isle', 1),
(53, 6, 4, 2020, 1053, 'Baton Rouge', '519 Crooks Fields', 'Monroe', '288 Darren Vista', 1),
(54, 6, 6, 2020, 1054, 'Lafayette', '96 Nya Ferry', 'Lafayette', '50 Waters Crest', 1),
(55, 29, 1, 2022, 1055, 'Alexandria', '489 Audreanne Brooks', 'Lafayette', '673 Sean Hollow', 1),
(56, 20, 12, 2020, 1056, 'Kenner', '64 Rashad Landing', 'Monroe', '304 Fiona Curve', 2),
(57, 7, 11, 2021, 1057, 'Houma', '203 McDermott Grove', 'Monroe', '396 Moen Hills', 1),
(58, 21, 5, 2021, 1058, 'New Orleans', '82 Samir Junctions', 'New Orleans', '235 Leuschke Rue', 1),
(59, 3, 7, 2020, 1059, 'Metairie', '525 Welch Junction', 'Lake Charles', '731 Amaya Radial', 1),
(60, 17, 3, 2021, 1060, 'Lake Charles', '737 Bud Orchard', 'Houma', '621 Heidenreich Square', 3),
(61, 7, 5, 2020, 1061, 'Lake Charles', '741 Crona Path', 'Baton Rouge', '328 Connelly Mills', 1),
(62, 17, 12, 2021, 1062, 'New Orleans', '465 Huels Groves', 'Lafayette', '386 Earnest Mountains', 1),
(63, 22, 1, 2019, 1063, 'Houma', '500 Jacobi Rapid', 'Alexandria', '170 Alexandro Road', 1),
(64, 23, 4, 2020, 1064, 'Houma', '64 Aileen Drive', 'Bossier City', '194 Janessa Greens', 1),
(65, 9, 6, 2019, 1065, 'Kenner', '251 Beer Course', 'Bossier City', '273 Savanah Flats', 2),
(66, 24, 3, 2019, 1066, 'Lafayette', '215 Hansen Branch', 'Bossier City', '430 Goodwin Spur', 2),
(67, 9, 8, 2020, 1067, 'Kenner', '500 Reichel Knolls', 'Monroe', '371 Cummerata Lodge', 2),
(68, 3, 7, 2021, 1068, 'Shreveport', '645 Ida Islands', 'Alexandria', '195 Bednar Key', 1),
(69, 16, 9, 2021, 1069, 'Kenner', '520 Gregory Cove', 'Alexandria', '682 Ethan Plaza', 1),
(70, 14, 4, 2019, 1070, 'Bossier City', '12 Johns Place', 'Kenner', '54 Leonardo Grove', 1),
(71, 22, 4, 2019, 1071, 'Monroe', '86 Haag Summit', 'Monroe', '215 Schulist Brook', 2),
(72, 6, 2, 2019, 1072, 'Monroe', '112 Nash Canyon', 'Shreveport', '15 Kling Glen', 1),
(73, 17, 12, 2020, 1073, 'New Orleans', '97 Fernando Turnpike', 'Bossier City', '489 Stoltenberg Mountain', 1),
(74, 7, 11, 2020, 1074, 'Kenner', '667 Americo Ferry', 'Kenner', '161 Brent Island', 3),
(75, 25, 2, 2021, 1075, 'Kenner', '81 Labadie Pike', 'Shreveport', '251 Nienow Bridge', 3),
(76, 29, 2, 2020, 1076, 'Bossier City', '627 Giovani Prairie', 'Shreveport', '716 Tillman Garden', 1),
(77, 7, 7, 2021, 1077, 'Kenner', '204 Stiedemann Corner', 'Monroe', '627 Juana Burg', 1),
(78, 10, 6, 2021, 1078, 'Houma', '562 Lynch Ford', 'Alexandria', '78 Devin Row', 2),
(79, 29, 7, 2019, 1079, 'Baton Rouge', '394 Wolf Lane', 'Kenner', '384 Miller Orchard', 1),
(80, 2, 12, 2020, 1080, 'Kenner', '102 Gaylord Port', 'Bossier City', '482 Heidenreich Parks', 1),
(81, 22, 10, 2021, 1081, 'Kenner', '96 Lakin Roads', 'Houma', '678 Braun Islands', 1),
(82, 1, 11, 2021, 1082, 'Kenner', '254 Shanahan Union', 'Houma', '639 Watsica Fords', 3),
(83, 5, 11, 2020, 1083, 'Alexandria', '81 Maya Estate', 'Lake Charles', '19 Auer Plaza', 2),
(84, 2, 1, 2019, 1084, 'Lafayette', '19 Huels Overpass', 'Monroe', '477 Gloria Roads', 2),
(85, 7, 10, 2020, 1085, 'New Orleans', '714 Michelle Extension', 'New Orleans', '124 Oliver Station', 1),
(86, 12, 9, 2019, 1086, 'Bossier City', '602 Franey Rest', 'Houma', '556 Lincoln Street', 2),
(87, 14, 11, 2019, 1087, 'Shreveport', '532 Ebert Extension', 'Lake Charles', '125 Howard Knolls', 1),
(88, 13, 9, 2021, 1088, 'Monroe', '365 Brekke Haven', 'New Orleans', '36 Stracke Village', 1),
(89, 9, 12, 2020, 1089, 'New Orleans', '416 Filiberto Mill', 'Metairie', '662 Koelpin Ways', 2),
(90, 25, 9, 2019, 1090, 'Bossier City', '315 Thaddeus Fork', 'Lafayette', '595 Giovani Union', 1),
(91, 1, 1, 2022, 1091, 'Houma', '226 Tiara Turnpike', 'Houma', '295 Abigayle Rapids', 2),
(92, 30, 7, 2021, 1092, 'Shreveport', '749 Perry Estate', 'Shreveport', '408 Nathan Prairie', 2),
(93, 17, 9, 2020, 1093, 'Houma', '296 Scotty Grove', 'Houma', '187 Braden Oval', 3),
(94, 11, 8, 2019, 1094, 'Metairie', '613 Laurianne Trail', 'New Orleans', '63 O\'Kon Ways', 2),
(95, 7, 12, 2021, 1095, 'Houma', '190 Glover Drive', 'Baton Rouge', '204 Shirley Mission', 1),
(96, 22, 11, 2020, 1096, 'Alexandria', '424 Langosh Row', 'Lafayette', '34 Marjory Cape', 3),
(97, 3, 8, 2019, 1097, 'Alexandria', '443 Ozella Drive', 'Shreveport', '93 Bosco Point', 2),
(98, 26, 2, 2020, 1098, 'Baton Rouge', '251 Art Heights', 'Metairie', '583 Kathryne Motorway', 1),
(99, 10, 5, 2020, 1099, 'Kenner', '250 Labadie Tunnel', 'Houma', '684 Aryanna Ford', 1),
(100, 6, 3, 2019, 1100, 'Houma', '24 Ruecker Locks', 'Houma', '5 Haley Via', 1),
(101, 26, 9, 2021, 1101, 'Lafayette', '653 Orval Spurs', 'Lake Charles', '587 Scottie Road', 3),
(102, 27, 4, 2021, 1102, 'Alexandria', '528 Goyette Skyway', 'New Orleans', '374 Howe Mews', 3),
(103, 28, 10, 2021, 1103, 'Houma', '582 Arthur Cliffs', 'Metairie', '193 Frami Tunnel', 2),
(104, 13, 9, 2020, 1104, 'Metairie', '90 Bednar Mountain', 'New Orleans', '689 Evans Valleys', 2),
(105, 8, 12, 2020, 1105, 'Kenner', '706 Marilou Courts', 'Baton Rouge', '354 Maegan Track', 2),
(106, 5, 4, 2021, 1106, 'New Orleans', '0 Linnie Turnpike', 'Shreveport', '531 Orn Key', 3),
(107, 1, 10, 2020, 1107, 'Shreveport', '652 Cruickshank Field', 'Houma', '87 Nienow Forges', 1),
(108, 29, 6, 2019, 1108, 'Metairie', '204 Chet Ford', 'Monroe', '590 Ortiz Coves', 2),
(109, 28, 3, 2019, 1109, 'Monroe', '355 Schaden Turnpike', 'Monroe', '613 Wunsch Drive', 1),
(110, 9, 2, 2019, 1110, 'Baton Rouge', '245 Mohammad Street', 'Shreveport', '281 Becker Pine', 1),
(111, 30, 5, 2021, 1111, 'Shreveport', '232 Schmidt Rapid', 'Bossier City', '209 Bashirian Falls', 3),
(112, 23, 12, 2019, 1112, 'Baton Rouge', '689 Myrtle Walks', 'Baton Rouge', '722 Adams Forges', 3),
(113, 6, 3, 2020, 1113, 'Monroe', '669 Blanche Ramp', 'Lake Charles', '482 Cummerata Fords', 1),
(114, 23, 3, 2022, 1114, 'Bossier City', '377 Runolfsdottir Shore', 'Shreveport', '345 Mohamed Stream', 3),
(115, 2, 1, 2020, 1115, 'Lafayette', '299 Kihn Extension', 'Shreveport', '265 Quitzon Alley', 2),
(116, 26, 5, 2019, 1116, 'Lake Charles', '645 Sawayn Light', 'Metairie', '217 Luigi Hill', 2),
(117, 18, 2, 2022, 1117, 'Monroe', '725 Rahsaan Skyway', 'Alexandria', '456 Carroll Lights', 1),
(118, 27, 1, 2022, 1118, 'Lake Charles', '440 Reinger Viaduct', 'Alexandria', '487 Adeline Motorway', 2),
(119, 4, 11, 2021, 1119, 'New Orleans', '167 Effertz Pines', 'Monroe', '111 VonRueden Cliffs', 3),
(120, 29, 7, 2021, 1120, 'Monroe', '485 Cortez Spring', 'Lake Charles', '63 Jadyn Loop', 3),
(121, 18, 3, 2022, 1121, 'Metairie', '500 Russel Manors', 'Kenner', '679 Brandy Light', 2),
(122, 5, 10, 2021, 1122, 'Alexandria', '271 Emery Square', 'Shreveport', '309 Michale Groves', 3),
(123, 11, 1, 2020, 1123, 'Lake Charles', '272 Tre Station', 'Alexandria', '575 Beier Views', 2),
(124, 27, 10, 2021, 1124, 'Kenner', '607 Bianka Meadow', 'Shreveport', '208 Zemlak Radial', 2),
(125, 18, 12, 2020, 1125, 'New Orleans', '155 Casimir Lodge', 'Shreveport', '227 Johnson Knoll', 1),
(126, 21, 12, 2020, 1126, 'New Orleans', '227 Joshuah Mountain', 'Lake Charles', '41 Cremin Lodge', 2),
(127, 5, 5, 2019, 1127, 'Bossier City', '415 Moore Motorway', 'Metairie', '50 Kevon Lights', 2),
(128, 17, 7, 2020, 1128, 'Alexandria', '636 Reva Squares', 'Houma', '646 Schamberger Lake', 1),
(129, 27, 2, 2020, 1129, 'Kenner', '21 Walker Mountains', 'Baton Rouge', '613 Summer Lock', 3),
(130, 9, 10, 2020, 1130, 'Bossier City', '654 Jesus Shoal', 'Kenner', '8 Yvette Dam', 3),
(131, 20, 3, 2021, 1131, 'Houma', '114 Kuvalis Harbors', 'Metairie', '164 Art Ferry', 2),
(132, 1, 4, 2019, 1132, 'New Orleans', '204 Madonna Forges', 'Lafayette', '498 Rau Row', 1),
(133, 8, 3, 2019, 1133, 'Alexandria', '26 Schmidt Camp', 'Kenner', '39 Langosh Causeway', 3),
(134, 22, 9, 2021, 1134, 'Baton Rouge', '528 Janice Trafficway', 'Shreveport', '656 Hodkiewicz Ranch', 2),
(135, 22, 1, 2020, 1135, 'Kenner', '1 Ethelyn Highway', 'Houma', '212 Libby Village', 1),
(136, 2, 11, 2020, 1136, 'Monroe', '236 Mollie Radial', 'Baton Rouge', '698 Marjolaine Overpass', 3),
(137, 15, 5, 2020, 1137, 'Baton Rouge', '560 Cruickshank Burgs', 'Lake Charles', '183 April Manors', 1),
(138, 6, 1, 2019, 1138, 'Bossier City', '212 Gabriella Island', 'Monroe', '425 Javon Views', 2),
(139, 2, 2, 2020, 1139, 'Baton Rouge', '106 Kiehn Trace', 'Metairie', '232 Rebeka Parkway', 3),
(140, 21, 2, 2021, 1140, 'Lake Charles', '467 Cayla Plains', 'Shreveport', '76 Yvonne Plaza', 2),
(141, 18, 2, 2022, 1141, 'Metairie', '483 Corwin Crossing', 'Baton Rouge', '200 Hector Landing', 3),
(142, 1, 5, 2022, 1142, 'Houma', '381 Dulce Ramp', 'Shreveport', '242 Susanna Underpass', 2),
(143, 5, 10, 2020, 1143, 'Kenner', '84 Aisha Mountains', 'Alexandria', '524 Swaniawski Freeway', 3),
(144, 17, 7, 2021, 1144, 'Houma', '358 Frami Ridges', 'Monroe', '333 Oberbrunner Road', 1),
(145, 12, 5, 2020, 1145, 'Lake Charles', '650 Lehner Ville', 'Bossier City', '603 Cary Summit', 3),
(146, 4, 2, 2019, 1146, 'Houma', '221 Langosh Squares', 'Kenner', '315 Janice Shore', 2),
(147, 25, 11, 2019, 1147, 'Houma', '587 Hansen Glens', 'Monroe', '262 Greg Cape', 3),
(148, 21, 7, 2020, 1148, 'Bossier City', '431 Kris Orchard', 'Shreveport', '21 Balistreri Plains', 2),
(149, 6, 1, 2019, 1149, 'Bossier City', '184 Tromp Field', 'New Orleans', '362 Konopelski Lock', 2),
(150, 8, 3, 2021, 1150, 'Baton Rouge', '551 Ivah Shore', 'Metairie', '647 Roslyn Ranch', 1),
(151, 27, 2, 2021, 1151, 'Kenner', '135 Cornell Ford', 'Bossier City', '322 Ziemann Ridge', 2),
(152, 17, 5, 2019, 1152, 'Lafayette', '700 Lolita Walks', 'Bossier City', '286 Ondricka Walk', 1),
(153, 19, 12, 2021, 1153, 'New Orleans', '71 Wintheiser Forest', 'Bossier City', '295 Bailey Meadows', 3),
(154, 7, 11, 2021, 1154, 'Shreveport', '331 Elizabeth Corner', 'Houma', '107 Cleve Landing', 3),
(155, 24, 8, 2021, 1155, 'Lake Charles', '654 Mandy Cliff', 'Bossier City', '502 Zoey Roads', 1),
(156, 11, 5, 2019, 1156, 'Metairie', '498 Cremin Flat', 'Shreveport', '713 Rau Pike', 3),
(157, 19, 2, 2022, 1157, 'Shreveport', '252 Abbott Cove', 'Lake Charles', '560 Isai Flat', 3),
(158, 28, 11, 2021, 1158, 'Metairie', '737 Chanelle Circles', 'Shreveport', '130 Haley Knoll', 2),
(159, 31, 1, 2020, 1159, 'Houma', '61 Flossie Mount', 'Bossier City', '733 Lowell Cliffs', 1),
(160, 20, 8, 2021, 1160, 'Metairie', '14 Justyn Crossing', 'Lake Charles', '348 Vida Ports', 1),
(161, 21, 3, 2021, 1161, 'Bossier City', '560 Abbott Place', 'Metairie', '71 Purdy Coves', 2),
(162, 8, 3, 2019, 1162, 'Houma', '684 Bergstrom Motorway', 'New Orleans', '16 Alfred Cliff', 1),
(163, 17, 3, 2019, 1163, 'Houma', '576 Matteo Springs', 'Bossier City', '186 Kiehn Ways', 3),
(164, 7, 12, 2019, 1164, 'Kenner', '252 Toby Trafficway', 'Lake Charles', '76 Elmer Ferry', 3),
(165, 30, 9, 2019, 1165, 'Shreveport', '620 Hartmann Cliff', 'Monroe', '92 Mose Bypass', 2),
(166, 17, 11, 2021, 1166, 'New Orleans', '133 Luettgen Brooks', 'Monroe', '592 Pedro Ferry', 1),
(167, 13, 12, 2021, 1167, 'Kenner', '102 Donald Glens', 'Metairie', '329 Beaulah Canyon', 2),
(168, 10, 1, 2022, 1168, 'Bossier City', '326 Laron Orchard', 'Metairie', '405 King Fork', 3),
(169, 16, 5, 2020, 1169, 'Alexandria', '508 Kelton Road', 'Alexandria', '732 Torphy River', 3),
(170, 21, 12, 2019, 1170, 'Baton Rouge', '358 Reilly Garden', 'Alexandria', '131 Skiles Locks', 1),
(171, 30, 4, 2021, 1171, 'Houma', '592 Lakin Terrace', 'Alexandria', '198 Murray Spur', 2),
(172, 28, 1, 2022, 1172, 'Bossier City', '600 Schiller River', 'New Orleans', '72 Cristopher Mall', 1),
(173, 25, 8, 2020, 1173, 'Metairie', '25 Rath Extension', 'Lafayette', '686 Kendrick Shoals', 1),
(174, 12, 3, 2020, 1174, 'Houma', '473 Branson Greens', 'Lafayette', '223 Toy Stravenue', 2),
(175, 5, 1, 2021, 1175, 'Alexandria', '48 Mosciski Knolls', 'Metairie', '379 Eliseo Point', 3),
(176, 11, 6, 2019, 1176, 'Kenner', '207 Hand Station', 'Monroe', '69 Emard Summit', 1),
(177, 14, 5, 2022, 1177, 'New Orleans', '204 Feeney Club', 'Metairie', '110 Powlowski Street', 2),
(178, 16, 7, 2020, 1178, 'Metairie', '241 Roberts Fort', 'Houma', '533 Eleanora Ports', 2),
(179, 3, 1, 2019, 1179, 'Monroe', '725 Bruen Club', 'Bossier City', '369 Schoen Expressway', 3),
(180, 7, 1, 2021, 1180, 'Monroe', '656 Missouri Flats', 'Alexandria', '284 West Squares', 3),
(181, 18, 5, 2021, 1181, 'Bossier City', '502 Olaf Groves', 'Lafayette', '97 Tate Crossroad', 1),
(182, 2, 10, 2021, 1182, 'Houma', '26 Marvin Island', 'Houma', '733 Shaina Club', 3),
(183, 25, 2, 2022, 1183, 'Shreveport', '356 Selina Route', 'Baton Rouge', '596 Buckridge Shore', 3),
(184, 2, 7, 2019, 1184, 'Monroe', '739 Vandervort Courts', 'Baton Rouge', '431 Irving Grove', 1),
(185, 13, 5, 2019, 1185, 'Houma', '276 Hipolito Brook', 'Houma', '594 Morton Village', 1),
(186, 18, 11, 2021, 1186, 'Monroe', '92 Hilll Parkway', 'Baton Rouge', '411 Nikita Walks', 1),
(187, 11, 2, 2019, 1187, 'New Orleans', '0 Verna Divide', 'Alexandria', '546 Kuhic Run', 2),
(188, 25, 2, 2019, 1188, 'Monroe', '319 Katlyn Alley', 'Bossier City', '291 Henriette Trace', 2),
(189, 11, 10, 2019, 1189, 'Metairie', '657 Bednar Trafficway', 'New Orleans', '333 Friedrich Divide', 3),
(190, 1, 5, 2021, 1190, 'Lake Charles', '355 Cole Fort', 'New Orleans', '606 Dudley Tunnel', 3),
(191, 1, 2, 2020, 1191, 'Bossier City', '659 Reynolds Forks', 'Alexandria', '224 Ondricka Parks', 1),
(192, 21, 11, 2019, 1192, 'Baton Rouge', '47 Murray Run', 'Shreveport', '112 Nolan Valley', 3),
(193, 8, 5, 2022, 1193, 'Bossier City', '107 Bradtke Green', 'New Orleans', '48 Runolfsdottir Track', 2),
(194, 19, 3, 2022, 1194, 'Lafayette', '522 Kirk Square', 'Monroe', '392 Wellington Meadows', 1),
(195, 2, 11, 2019, 1195, 'Monroe', '492 Ken Lakes', 'Lafayette', '184 Toby Springs', 3),
(196, 16, 5, 2019, 1196, 'Metairie', '678 Reinger Cliff', 'Monroe', '299 Dave Causeway', 3),
(197, 4, 12, 2021, 1197, 'Kenner', '483 Koepp Wall', 'Houma', '613 Charles Field', 1),
(198, 23, 2, 2019, 1198, 'Monroe', '722 Brenna Plains', 'Shreveport', '164 Eli Land', 3),
(199, 25, 8, 2021, 1199, 'Bossier City', '270 Zboncak Dam', 'Alexandria', '182 Bart Summit', 2),
(200, 6, 6, 2020, 1200, 'Alexandria', '739 Emard Parkway', 'Houma', '333 Lemke Station', 3),
(201, 16, 5, 2020, 1201, 'New Orleans', '293 Amir Prairie', 'Lake Charles', '658 Heidenreich Harbors', 1),
(202, 15, 11, 2021, 1202, 'Houma', '655 Zella Valleys', 'New Orleans', '444 Carter Points', 1),
(203, 1, 4, 2019, 1203, 'Bossier City', '310 Kunde Stravenue', 'Bossier City', '525 Abbott Roads', 1),
(204, 7, 5, 2022, 1204, 'Houma', '45 Yvette Motorway', 'Lake Charles', '130 Beer Lock', 2),
(205, 13, 7, 2019, 1205, 'Houma', '146 Zboncak Islands', 'Alexandria', '264 Stefan Islands', 3),
(206, 6, 1, 2020, 1206, 'Metairie', '277 Laury Trail', 'Metairie', '588 Skiles Park', 2),
(207, 25, 5, 2019, 1207, 'Shreveport', '277 Buster Way', 'Shreveport', '232 Reinger Brook', 3),
(208, 15, 1, 2021, 1208, 'Lake Charles', '736 Hoppe Isle', 'Metairie', '670 Nienow Point', 3),
(209, 29, 1, 2019, 1209, 'Houma', '550 Brekke Mews', 'New Orleans', '462 Leffler Plains', 3),
(210, 14, 9, 2020, 1210, 'Baton Rouge', '168 Champlin Estate', 'Lafayette', '296 Amira Rest', 2),
(211, 30, 3, 2019, 1211, 'Houma', '706 Deckow Bypass', 'Alexandria', '355 Leif Burgs', 2),
(212, 19, 11, 2021, 1212, 'Bossier City', '722 Vivianne Vista', 'Metairie', '642 Beatty Crossroad', 3),
(213, 30, 1, 2022, 1213, 'Shreveport', '666 Bartell Shore', 'Lake Charles', '602 John Ridge', 3),
(214, 12, 3, 2021, 1214, 'Kenner', '691 Keira Ford', 'Baton Rouge', '700 Bart Unions', 3),
(215, 11, 1, 2020, 1215, 'Houma', '556 Dietrich Common', 'Baton Rouge', '43 German Cliffs', 3),
(216, 26, 11, 2020, 1216, 'Houma', '681 Reichel Isle', 'New Orleans', '316 Jones Prairie', 1),
(217, 21, 7, 2020, 1217, 'Alexandria', '197 Dena Extension', 'Lake Charles', '508 Jamie Glen', 2),
(218, 27, 1, 2021, 1218, 'New Orleans', '296 Kathryne Ports', 'Lafayette', '349 Pfannerstill Cliff', 1),
(219, 10, 3, 2019, 1219, 'Houma', '599 Kirlin Viaduct', 'Metairie', '227 Huels Lodge', 2),
(220, 24, 12, 2021, 1220, 'Baton Rouge', '655 Buckridge Drive', 'Monroe', '28 Clementine Terrace', 1),
(221, 18, 4, 2021, 1221, 'Baton Rouge', '125 Goyette Greens', 'Houma', '103 Lisandro Spur', 2),
(222, 10, 4, 2019, 1222, 'Bossier City', '687 Camylle Orchard', 'Lake Charles', '503 Clay Glens', 1),
(223, 22, 9, 2020, 1223, 'Monroe', '374 Crona Key', 'Metairie', '148 Luettgen Vista', 1),
(224, 10, 12, 2020, 1224, 'Bossier City', '255 Sid Parkways', 'Baton Rouge', '389 Davonte Passage', 1),
(225, 15, 2, 2021, 1225, 'Alexandria', '127 Larson Mission', 'Bossier City', '106 Collins Prairie', 2),
(226, 29, 2, 2020, 1226, 'Kenner', '549 Mraz Summit', 'Kenner', '86 Goldner Circles', 1),
(227, 16, 10, 2019, 1227, 'Monroe', '513 Joanie Island', 'Baton Rouge', '734 Rosenbaum Ford', 2),
(228, 11, 7, 2020, 1228, 'Monroe', '225 Tianna Crossroad', 'Monroe', '366 Alia Row', 1),
(229, 3, 1, 2019, 1229, 'Lafayette', '481 Amber Parkways', 'Kenner', '469 Veum Ranch', 2),
(230, 20, 3, 2019, 1230, 'Kenner', '105 Stiedemann Lodge', 'Metairie', '399 Bart Square', 1),
(231, 20, 4, 2020, 1231, 'Shreveport', '27 Morissette Field', 'Baton Rouge', '419 Torphy Ridges', 3),
(232, 22, 12, 2020, 1232, 'Houma', '103 Roberts Isle', 'Metairie', '179 Gulgowski Centers', 2),
(233, 13, 1, 2021, 1233, 'Lafayette', '340 Ward Junctions', 'Bossier City', '47 Beier Pine', 2),
(234, 1, 10, 2021, 1234, 'Kenner', '372 Antonia Centers', 'Monroe', '554 Mertie Fall', 2),
(235, 25, 7, 2020, 1235, 'Kenner', '480 Tracy Knolls', 'New Orleans', '177 Oda Divide', 3),
(236, 13, 5, 2021, 1236, 'Kenner', '158 Wyman Flat', 'Alexandria', '45 Wehner Crossing', 2),
(237, 4, 2, 2021, 1237, 'New Orleans', '470 Zena Union', 'Lafayette', '598 Brendon Gardens', 1),
(238, 20, 7, 2019, 1238, 'Monroe', '1 Kaia Oval', 'Kenner', '440 Schaden Loop', 2),
(239, 8, 5, 2022, 1239, 'Bossier City', '614 Abbott Spring', 'Lake Charles', '197 Muhammad Summit', 1),
(240, 18, 3, 2021, 1240, 'Alexandria', '317 Bahringer Knolls', 'Houma', '517 Aufderhar Ford', 2),
(241, 5, 8, 2021, 1241, 'Alexandria', '394 Layne Ports', 'Monroe', '716 Wava Tunnel', 2),
(242, 15, 3, 2020, 1242, 'Alexandria', '222 Laura Brooks', 'Alexandria', '19 Gail Shore', 1),
(243, 23, 1, 2021, 1243, 'Metairie', '643 Aufderhar Ranch', 'Lake Charles', '327 Sydnie Bypass', 2),
(244, 7, 2, 2020, 1244, 'Lake Charles', '37 Waters Ports', 'Lafayette', '462 Broderick Falls', 2),
(245, 21, 7, 2020, 1245, 'Monroe', '316 Sheila Pass', 'Monroe', '291 Jaskolski Stream', 2),
(246, 1, 5, 2019, 1246, 'Houma', '61 Kshlerin Haven', 'Houma', '300 Whitney Throughway', 1),
(247, 10, 5, 2019, 1247, 'Lake Charles', '749 Polly Lock', 'Kenner', '276 Conn Islands', 3),
(248, 10, 10, 2021, 1248, 'Monroe', '80 Graham Mews', 'Lafayette', '724 Renner Mills', 3),
(249, 22, 2, 2022, 1249, 'New Orleans', '426 Josianne Crossroad', 'Monroe', '127 Mose Mountains', 3),
(250, 9, 8, 2020, 1250, 'Lafayette', '60 Murray Manors', 'Lafayette', '15 Aditya Expressway', 1),
(251, 28, 1, 2020, 1251, 'Alexandria', '177 Benton Port', 'Alexandria', '484 Margret Lane', 3),
(252, 23, 5, 2019, 1252, 'Houma', '643 Prudence Islands', 'Kenner', '222 Schulist Cliffs', 3),
(253, 29, 4, 2019, 1253, 'Lake Charles', '453 Reichert Inlet', 'Houma', '212 Lloyd Shoal', 3),
(254, 3, 7, 2019, 1254, 'Alexandria', '191 Kris Meadow', 'Houma', '5 Tatum Roads', 1),
(255, 19, 10, 2020, 1255, 'Kenner', '621 Brett Circle', 'Alexandria', '701 Von Haven', 3),
(256, 8, 3, 2021, 1256, 'Metairie', '579 Kailee Center', 'Shreveport', '353 Hamill Islands', 1),
(257, 5, 10, 2020, 1257, 'Kenner', '236 Phyllis Ferry', 'Lafayette', '316 Marge Forks', 3),
(258, 24, 4, 2019, 1258, 'Shreveport', '144 Ward Crest', 'Lafayette', '60 Wilburn Well', 2),
(259, 8, 4, 2019, 1259, 'Kenner', '561 Cielo Green', 'Lafayette', '572 Gerhold Drives', 1),
(260, 3, 3, 2021, 1260, 'Shreveport', '648 Moen Shore', 'Alexandria', '222 Zemlak Well', 3),
(261, 6, 9, 2021, 1261, 'Houma', '184 Dare Point', 'Houma', '99 Grant Harbors', 2),
(262, 12, 11, 2019, 1262, 'Kenner', '364 O\'Reilly Meadows', 'Metairie', '565 Darron Trafficway', 1),
(263, 29, 5, 2019, 1263, 'Lafayette', '676 Stanton Flats', 'Metairie', '711 Heaney Meadows', 1),
(264, 9, 7, 2019, 1264, 'Alexandria', '35 Dahlia Underpass', 'New Orleans', '344 Leuschke Hollow', 2),
(265, 20, 11, 2021, 1265, 'Shreveport', '210 Lon Corners', 'Lake Charles', '183 Lyda Union', 3),
(266, 6, 8, 2019, 1266, 'Kenner', '720 Dare Springs', 'Baton Rouge', '30 Oberbrunner Turnpike', 1),
(267, 17, 11, 2019, 1267, 'Monroe', '574 Aufderhar Street', 'Monroe', '334 Littel Course', 2),
(268, 26, 5, 2021, 1268, 'New Orleans', '466 Leuschke Valley', 'Houma', '723 Konopelski Unions', 2),
(269, 7, 7, 2021, 1269, 'Lafayette', '371 Murphy Field', 'Shreveport', '387 Kuvalis Ports', 3),
(270, 2, 4, 2021, 1270, 'Shreveport', '492 Anjali Corners', 'Lake Charles', '392 McGlynn Terrace', 1),
(271, 10, 3, 2020, 1271, 'Alexandria', '288 Winona Pine', 'Baton Rouge', '50 Angelina Fall', 2),
(272, 11, 10, 2019, 1272, 'Lafayette', '133 Dewayne Points', 'Lafayette', '264 Johns Harbors', 2),
(273, 10, 2, 2019, 1273, 'Baton Rouge', '692 Quigley Shores', 'New Orleans', '576 Braun Mountains', 3),
(274, 3, 1, 2021, 1274, 'Kenner', '645 Marquardt Crest', 'Metairie', '685 Michael Manors', 3),
(275, 15, 11, 2020, 1275, 'Lafayette', '433 Bryce Village', 'Lake Charles', '558 Amani Fall', 1),
(276, 30, 5, 2020, 1276, 'Houma', '319 Barton Lakes', 'Lake Charles', '127 Feest Falls', 3),
(277, 5, 10, 2019, 1277, 'Lafayette', '70 McCullough Dam', 'Kenner', '330 Brekke Junctions', 1),
(278, 10, 3, 2020, 1278, 'Kenner', '220 O\'Keefe Streets', 'Lafayette', '489 Jakubowski Isle', 3),
(279, 11, 5, 2022, 1279, 'Monroe', '479 Kali Point', 'Alexandria', '733 Hauck Branch', 3),
(280, 15, 9, 2019, 1280, 'Baton Rouge', '366 Fisher Curve', 'Alexandria', '471 Damian Flat', 2),
(281, 2, 6, 2020, 1281, 'Shreveport', '297 Hane Meadows', 'Lafayette', '224 Hans Canyon', 3),
(282, 8, 3, 2021, 1282, 'Shreveport', '328 Burnice Station', 'Lafayette', '467 Pfannerstill Station', 3),
(283, 28, 4, 2019, 1283, 'Metairie', '581 Crist Orchard', 'Shreveport', '474 Cummerata Ford', 1),
(284, 29, 4, 2021, 1284, 'Kenner', '402 Antonette Trail', 'Bossier City', '482 Kuhlman Keys', 2),
(285, 24, 11, 2019, 1285, 'Monroe', '474 Theresa Cliffs', 'Bossier City', '500 Nikolaus Port', 1),
(286, 9, 5, 2019, 1286, 'Shreveport', '741 Dax Glen', 'New Orleans', '135 Erdman Key', 2),
(287, 17, 5, 2021, 1287, 'Houma', '317 Walker Rest', 'Lafayette', '533 Ladarius Road', 1),
(288, 5, 5, 2022, 1288, 'Metairie', '503 Norris Plaza', 'Lafayette', '552 Fadel Pines', 1),
(289, 23, 12, 2021, 1289, 'Metairie', '724 Doyle Camp', 'Baton Rouge', '303 Huels Landing', 2),
(290, 26, 8, 2020, 1290, 'Alexandria', '656 Adams Fields', 'Baton Rouge', '566 Koss Motorway', 2),
(291, 27, 12, 2019, 1291, 'Lake Charles', '44 Andreanne Trail', 'Alexandria', '201 Felicia Bridge', 2),
(292, 26, 8, 2020, 1292, 'Baton Rouge', '398 Ludwig Highway', 'Metairie', '368 Wiegand Lane', 3),
(293, 14, 4, 2021, 1293, 'Shreveport', '435 McClure Parkways', 'Kenner', '382 Mante Mission', 1),
(294, 21, 9, 2020, 1294, 'Houma', '215 Bins Ways', 'Lafayette', '672 Melyssa Radial', 3),
(295, 12, 2, 2020, 1295, 'Kenner', '21 Stan Radial', 'New Orleans', '312 Jenkins Station', 1),
(296, 31, 10, 2019, 1296, 'Bossier City', '371 Samanta Lake', 'Lake Charles', '453 Eliseo Stream', 3),
(297, 27, 6, 2021, 1297, 'Houma', '2 Erica Squares', 'Houma', '353 Jacobi Club', 2),
(298, 23, 11, 2020, 1298, 'Lake Charles', '594 Goyette Falls', 'New Orleans', '95 Hilll Islands', 2),
(299, 6, 1, 2019, 1299, 'Lafayette', '184 Brianne Manors', 'Lafayette', '655 Salvador Meadows', 2),
(300, 13, 6, 2020, 1300, 'Lake Charles', '158 Armstrong Rue', 'Shreveport', '337 Beier Ford', 3);

--
-- Indexes for dumped tables
--

--
-- Indexes for table `ClientInfo`
--
ALTER TABLE `ClientInfo`
  ADD PRIMARY KEY (`ClientID`);

--
-- Indexes for table `Employee`
--
ALTER TABLE `Employee`
  ADD PRIMARY KEY (`EmployeeID`),
  ADD KEY `FK_Emp_FID` (`FranchiseID`);

--
-- Indexes for table `Franchise`
--
ALTER TABLE `Franchise`
  ADD PRIMARY KEY (`FranchiseID`);

--
-- Indexes for table `JobInfo`
--
ALTER TABLE `JobInfo`
  ADD PRIMARY KEY (`JobID`),
  ADD KEY `FK_Cli_ID` (`ClientID`),
  ADD KEY `FranchiseID` (`FranchiseID`);

--
-- Constraints for dumped tables
--

--
-- Constraints for table `Employee`
--
ALTER TABLE `Employee`
  ADD CONSTRAINT `FK_Emp_FID` FOREIGN KEY (`FranchiseID`) REFERENCES `Franchise` (`FranchiseID`);

--
-- Constraints for table `JobInfo`
--
ALTER TABLE `JobInfo`
  ADD CONSTRAINT `FK_Cli_ID` FOREIGN KEY (`ClientID`) REFERENCES `ClientInfo` (`ClientID`),
  ADD CONSTRAINT `jobinfo_ibfk_1` FOREIGN KEY (`FranchiseID`) REFERENCES `Franchise` (`FranchiseID`);
COMMIT;

/*!40101 SET CHARACTER_SET_CLIENT=@OLD_CHARACTER_SET_CLIENT */;
/*!40101 SET CHARACTER_SET_RESULTS=@OLD_CHARACTER_SET_RESULTS */;
/*!40101 SET COLLATION_CONNECTION=@OLD_COLLATION_CONNECTION */;
