-- phpMyAdmin SQL Dump
-- version 5.1.1
-- https://www.phpmyadmin.net/
--
-- Host: localhost
-- Generation Time: Feb 25, 2022 at 07:11 PM
-- Server version: 10.4.21-MariaDB
-- PHP Version: 8.1.2

SET SQL_MODE = "NO_AUTO_VALUE_ON_ZERO";
START TRANSACTION;
SET time_zone = "+00:00";


/*!40101 SET @OLD_CHARACTER_SET_CLIENT=@@CHARACTER_SET_CLIENT */;
/*!40101 SET @OLD_CHARACTER_SET_RESULTS=@@CHARACTER_SET_RESULTS */;
/*!40101 SET @OLD_COLLATION_CONNECTION=@@COLLATION_CONNECTION */;
/*!40101 SET NAMES utf8mb4 */;

--
-- Database: `MoveDB`
--

-- --------------------------------------------------------

--
-- Table structure for table `ClientInfo`
--

CREATE TABLE `ClientInfo` (
  `ClientID` int(11) NOT NULL,
  `PhoneNumber` varchar(20) NOT NULL,
  `Email` varchar(70) NOT NULL,
  `Fname` varchar(50) NOT NULL,
  `Lname` varchar(50) NOT NULL
) ENGINE=InnoDB DEFAULT CHARSET=utf8mb4;

--
-- Dumping data for table `ClientInfo`
--

INSERT INTO `ClientInfo` (`ClientID`, `PhoneNumber`, `Email`, `Fname`, `Lname`) VALUES
(1, '531-627-9949', 'ChaseRice@yahoo.com', 'Chase', 'Rice'),
(2, '624-422-9905', 'MarianoD\'Amore@yahoo.com', 'Mariano', 'D\'Amore'),
(3, '845-699-8464', 'TessHerzog@gmail.com', 'Tess', 'Herzog'),
(4, '872-891-4499', 'ChelsieGreen@yahoo.com', 'Chelsie', 'Green'),
(5, '582-638-8882', 'NyasiaDurgan@yahoo.com', 'Nyasia', 'Durgan'),
(6, '291-583-9503', 'BraxtonParker@gmail.com', 'Braxton', 'Parker'),
(7, '493-374-8015', 'MonroeReichel@gmail.com', 'Monroe', 'Reichel'),
(8, '243-319-6745', 'ColeBecker@yahoo.com', 'Cole', 'Becker'),
(9, '632-575-1308', 'AnastacioRuecker@yahoo.com', 'Anastacio', 'Ruecker'),
(10, '278-929-6358', 'RoelSchulist@gmail.com', 'Roel', 'Schulist'),
(11, '295-917-4498', 'BennieNienow@outlook.com', 'Bennie', 'Nienow'),
(12, '930-674-8286', 'MackBahringer@outlook.com', 'Mack', 'Bahringer'),
(13, '968-943-1760', 'CoyGerlach@outlook.com', 'Coy', 'Gerlach'),
(14, '886-834-8641', 'AishaBogan@outlook.com', 'Aisha', 'Bogan'),
(15, '822-277-8407', 'LempiKoss@outlook.com', 'Lempi', 'Koss'),
(16, '722-713-7710', 'NathanielErdman@outlook.com', 'Nathaniel', 'Erdman'),
(17, '475-604-1966', 'ReggieFraney@yahoo.com', 'Reggie', 'Franey'),
(18, '488-249-2380', 'YazminHeathcote@yahoo.com', 'Yazmin', 'Heathcote'),
(19, '693-500-5387', 'JamalAufderhar@yahoo.com', 'Jamal', 'Aufderhar'),
(20, '475-773-0337', 'AngelinaChristiansen@outlook.com', 'Angelina', 'Christiansen'),
(21, '219-865-5015', 'GeorgianaMcClure@gmail.com', 'Georgiana', 'McClure'),
(22, '914-442-8065', 'EfrainToy@yahoo.com', 'Efrain', 'Toy'),
(23, '793-437-0199', 'LavinaFlatley@gmail.com', 'Lavina', 'Flatley'),
(24, '224-341-5052', 'JudeWehner@outlook.com', 'Jude', 'Wehner'),
(25, '598-207-0682', 'KyleDeckow@yahoo.com', 'Kyle', 'Deckow'),
(26, '562-577-7349', 'GarrisonChamplin@yahoo.com', 'Garrison', 'Champlin'),
(27, '707-458-0933', 'OrphaMarks@outlook.com', 'Orpha', 'Marks'),
(28, '628-523-6341', 'BarbaraZboncak@yahoo.com', 'Barbara', 'Zboncak'),
(29, '870-849-5387', 'BrycenBartoletti@yahoo.com', 'Brycen', 'Bartoletti'),
(30, '452-879-6572', 'ArturoZiemann@outlook.com', 'Arturo', 'Ziemann'),
(31, '468-895-3786', 'GregoryHermiston@yahoo.com', 'Gregory', 'Hermiston'),
(32, '703-846-4036', 'TateDeckow@outlook.com', 'Tate', 'Deckow'),
(33, '341-746-2338', 'RudolphD\'Amore@outlook.com', 'Rudolph', 'D\'Amore'),
(34, '670-338-9141', 'DelphinePouros@outlook.com', 'Delphine', 'Pouros'),
(35, '432-201-5635', 'SheldonNolan@yahoo.com', 'Sheldon', 'Nolan'),
(36, '791-765-3572', 'OkeyAnderson@outlook.com', 'Okey', 'Anderson'),
(37, '769-630-0466', 'TysonDaniel@gmail.com', 'Tyson', 'Daniel'),
(38, '906-625-7717', 'JaimeRatke@outlook.com', 'Jaime', 'Ratke'),
(39, '268-845-3940', 'DollyPagac@gmail.com', 'Dolly', 'Pagac'),
(40, '372-855-7697', 'EdwinGrimes@gmail.com', 'Edwin', 'Grimes'),
(41, '819-948-3758', 'ZolaWill@gmail.com', 'Zola', 'Will'),
(42, '999-585-3097', 'GussieReilly@outlook.com', 'Gussie', 'Reilly'),
(43, '648-686-5646', 'ZacharyLeannon@outlook.com', 'Zachary', 'Leannon'),
(44, '264-872-5304', 'EdwinCollier@yahoo.com', 'Edwin', 'Collier'),
(45, '858-611-0243', 'VerdaBins@outlook.com', 'Verda', 'Bins'),
(46, '940-236-3889', 'DevanWisozk@outlook.com', 'Devan', 'Wisozk'),
(47, '342-660-5110', 'BonitaEffertz@yahoo.com', 'Bonita', 'Effertz'),
(48, '810-754-1611', 'MilesSwift@gmail.com', 'Miles', 'Swift'),
(49, '929-805-3344', 'AhmadSchimmel@outlook.com', 'Ahmad', 'Schimmel'),
(50, '736-495-7966', 'RobinMitchell@outlook.com', 'Robin', 'Mitchell'),
(51, '571-717-0890', 'AgustinQuigley@yahoo.com', 'Agustin', 'Quigley'),
(52, '234-986-3753', 'CarolanneHuels@gmail.com', 'Carolanne', 'Huels'),
(53, '313-822-2153', 'KristofferZiemann@gmail.com', 'Kristoffer', 'Ziemann'),
(54, '857-518-5378', 'SyblePredovic@gmail.com', 'Syble', 'Predovic'),
(55, '698-359-9752', 'CoraKreiger@outlook.com', 'Cora', 'Kreiger'),
(56, '909-981-8816', 'WardWunsch@outlook.com', 'Ward', 'Wunsch'),
(57, '493-238-5155', 'KamronCummerata@outlook.com', 'Kamron', 'Cummerata'),
(58, '973-862-6161', 'JaquanShanahan@gmail.com', 'Jaquan', 'Shanahan'),
(59, '322-622-5188', 'StanGreen@gmail.com', 'Stan', 'Green'),
(60, '573-357-9359', 'NehaBartoletti@gmail.com', 'Neha', 'Bartoletti'),
(61, '346-431-6733', 'MarilouSchamberger@outlook.com', 'Marilou', 'Schamberger'),
(62, '315-609-8860', 'JoelGorczany@outlook.com', 'Joel', 'Gorczany'),
(63, '534-993-0177', 'MabelleSchmeler@gmail.com', 'Mabelle', 'Schmeler'),
(64, '469-621-0643', 'LeoneFraney@outlook.com', 'Leone', 'Franey'),
(65, '706-897-6206', 'AngelitaBarrows@gmail.com', 'Angelita', 'Barrows'),
(66, '894-934-9994', 'GertrudeBarrows@outlook.com', 'Gertrude', 'Barrows'),
(67, '274-383-4021', 'GertrudeMetz@outlook.com', 'Gertrude', 'Metz'),
(68, '357-295-6188', 'KiraLuettgen@yahoo.com', 'Kira', 'Luettgen'),
(69, '400-815-5517', 'PrinceMoore@outlook.com', 'Prince', 'Moore'),
(70, '910-791-5200', 'ZulaLangosh@gmail.com', 'Zula', 'Langosh'),
(71, '344-620-7385', 'CarolanneNader@outlook.com', 'Carolanne', 'Nader'),
(72, '804-686-4966', 'DamienCrist@outlook.com', 'Damien', 'Crist'),
(73, '604-767-7129', 'EduardoGrant@outlook.com', 'Eduardo', 'Grant'),
(74, '664-488-4517', 'EmmittLuettgen@outlook.com', 'Emmitt', 'Luettgen'),
(75, '528-303-7228', 'DougLebsack@gmail.com', 'Doug', 'Lebsack'),
(76, '644-998-6234', 'StacyHuel@yahoo.com', 'Stacy', 'Huel'),
(77, '891-999-6196', 'FriedaQuigley@outlook.com', 'Frieda', 'Quigley'),
(78, '469-763-3359', 'BertMurphy@gmail.com', 'Bert', 'Murphy'),
(79, '820-667-2722', 'ClayCummerata@outlook.com', 'Clay', 'Cummerata'),
(80, '214-288-3390', 'AbdulErdman@outlook.com', 'Abdul', 'Erdman'),
(81, '889-732-9873', 'EvertPredovic@outlook.com', 'Evert', 'Predovic'),
(82, '873-536-7392', 'DamonNikolaus@outlook.com', 'Damon', 'Nikolaus'),
(83, '912-284-3384', 'JefferyHahn@gmail.com', 'Jeffery', 'Hahn'),
(84, '535-806-8725', 'ClairAnderson@outlook.com', 'Clair', 'Anderson'),
(85, '422-301-8298', 'LaneSchulist@yahoo.com', 'Lane', 'Schulist'),
(86, '423-518-3569', 'RafaelaYost@outlook.com', 'Rafaela', 'Yost'),
(87, '522-205-2892', 'CobyMuller@yahoo.com', 'Coby', 'Muller'),
(88, '793-306-5935', 'LouieSenger@outlook.com', 'Louie', 'Senger'),
(89, '642-915-3775', 'SolonMcCullough@outlook.com', 'Solon', 'McCullough'),
(90, '223-629-9023', 'GeraldMcCullough@outlook.com', 'Gerald', 'McCullough'),
(91, '388-525-3971', 'SandrineLangosh@gmail.com', 'Sandrine', 'Langosh'),
(92, '817-352-2452', 'BillyMcLaughlin@yahoo.com', 'Billy', 'McLaughlin'),
(93, '664-979-5625', 'CoyStiedemann@yahoo.com', 'Coy', 'Stiedemann'),
(94, '295-744-9897', 'CandaceCarter@yahoo.com', 'Candace', 'Carter'),
(95, '497-626-5554', 'AlexandriaKoss@gmail.com', 'Alexandria', 'Koss'),
(96, '278-946-7946', 'JadenCartwright@gmail.com', 'Jaden', 'Cartwright'),
(97, '952-628-6676', 'TrevionBalistreri@gmail.com', 'Trevion', 'Balistreri'),
(98, '713-725-6162', 'WaldoKutch@yahoo.com', 'Waldo', 'Kutch'),
(99, '355-725-1974', 'ShayneGulgowski@gmail.com', 'Shayne', 'Gulgowski'),
(100, '787-313-5705', 'NicolasWitting@outlook.com', 'Nicolas', 'Witting'),
(101, '205-551-0807', 'EulahRoob@yahoo.com', 'Eulah', 'Roob'),
(102, '618-776-4722', 'OrrinHoeger@outlook.com', 'Orrin', 'Hoeger'),
(103, '924-260-0975', 'BrendenChristiansen@yahoo.com', 'Brenden', 'Christiansen'),
(104, '963-909-4986', 'DonBarton@yahoo.com', 'Don', 'Barton'),
(105, '872-986-0173', 'EthelynSteuber@outlook.com', 'Ethelyn', 'Steuber'),
(106, '948-811-2333', 'LucianoSauer@gmail.com', 'Luciano', 'Sauer'),
(107, '666-627-8808', 'ElmoreRenner@yahoo.com', 'Elmore', 'Renner'),
(108, '941-604-2273', 'MaeganDibbert@yahoo.com', 'Maegan', 'Dibbert'),
(109, '684-419-9737', 'JohathanSporer@yahoo.com', 'Johathan', 'Sporer'),
(110, '297-254-8854', 'LelandFritsch@yahoo.com', 'Leland', 'Fritsch'),
(111, '857-779-5778', 'HaroldWhite@outlook.com', 'Harold', 'White'),
(112, '227-856-2234', 'SidMayert@outlook.com', 'Sid', 'Mayert'),
(113, '712-743-3813', 'MikaylaPowlowski@gmail.com', 'Mikayla', 'Powlowski'),
(114, '556-392-3507', 'JaredJohns@outlook.com', 'Jared', 'Johns'),
(115, '954-883-0891', 'MagnoliaTurcotte@yahoo.com', 'Magnolia', 'Turcotte'),
(116, '844-858-6891', 'AriGlover@gmail.com', 'Ari', 'Glover'),
(117, '819-467-2869', 'CatharineGreen@gmail.com', 'Catharine', 'Green'),
(118, '282-766-9936', 'DaveHintz@yahoo.com', 'Dave', 'Hintz'),
(119, '378-380-5457', 'AidaPfeffer@yahoo.com', 'Aida', 'Pfeffer'),
(120, '911-797-4306', 'MadisynSwaniawski@gmail.com', 'Madisyn', 'Swaniawski'),
(121, '884-392-7852', 'RussellCarter@gmail.com', 'Russell', 'Carter'),
(122, '274-431-9075', 'JaylinStrosin@gmail.com', 'Jaylin', 'Strosin'),
(123, '835-778-9985', 'KamrenKozey@gmail.com', 'Kamren', 'Kozey'),
(124, '296-680-1102', 'TheresiaVolkman@gmail.com', 'Theresia', 'Volkman'),
(125, '754-282-4128', 'BradleyStroman@gmail.com', 'Bradley', 'Stroman'),
(126, '602-298-8768', 'GeorgiannaHartmann@outlook.com', 'Georgianna', 'Hartmann'),
(127, '813-674-7262', 'MelvinaVandervort@gmail.com', 'Melvina', 'Vandervort'),
(128, '343-563-7899', 'ShemarLeffler@outlook.com', 'Shemar', 'Leffler'),
(129, '610-299-6130', 'CharlesGerhold@yahoo.com', 'Charles', 'Gerhold'),
(130, '560-386-6232', 'JustusKessler@outlook.com', 'Justus', 'Kessler'),
(131, '386-836-8826', 'MaximilliaHayes@outlook.com', 'Maximillia', 'Hayes'),
(132, '652-334-7779', 'AlbinRunolfsson@gmail.com', 'Albin', 'Runolfsson'),
(133, '719-641-3710', 'BritneyGulgowski@outlook.com', 'Britney', 'Gulgowski'),
(134, '271-792-2951', 'RussellGulgowski@outlook.com', 'Russell', 'Gulgowski'),
(135, '637-969-4957', 'NoemyGoodwin@yahoo.com', 'Noemy', 'Goodwin'),
(136, '707-784-4766', 'HiramBraun@yahoo.com', 'Hiram', 'Braun'),
(137, '617-421-9168', 'AshleyAufderhar@yahoo.com', 'Ashley', 'Aufderhar'),
(138, '811-297-2270', 'CoyHuels@gmail.com', 'Coy', 'Huels'),
(139, '576-829-8520', 'MarilieBoyle@yahoo.com', 'Marilie', 'Boyle'),
(140, '680-594-6352', 'TaniaSenger@gmail.com', 'Tania', 'Senger'),
(141, '540-958-4643', 'KaliAbbott@gmail.com', 'Kali', 'Abbott'),
(142, '964-246-8845', 'ZaneWeber@outlook.com', 'Zane', 'Weber'),
(143, '453-302-3786', 'DaveBeatty@yahoo.com', 'Dave', 'Beatty'),
(144, '256-469-7909', 'MillerMacGyver@yahoo.com', 'Miller', 'MacGyver'),
(145, '249-677-7457', 'JayBahringer@gmail.com', 'Jay', 'Bahringer'),
(146, '483-591-7828', 'LeonieKozey@gmail.com', 'Leonie', 'Kozey'),
(147, '703-386-2602', 'LonnyBlick@gmail.com', 'Lonny', 'Blick'),
(148, '972-866-2058', 'KirstenKassulke@outlook.com', 'Kirsten', 'Kassulke'),
(149, '975-690-8072', 'JacklynMoen@yahoo.com', 'Jacklyn', 'Moen'),
(150, '883-371-7519', 'JevonDavis@gmail.com', 'Jevon', 'Davis'),
(151, '906-415-6504', 'MilesDietrich@gmail.com', 'Miles', 'Dietrich'),
(152, '445-922-4411', 'HeleneSchaden@gmail.com', 'Helene', 'Schaden'),
(153, '207-625-8218', 'HillaryJerde@outlook.com', 'Hillary', 'Jerde'),
(154, '566-850-0881', 'LiaZemlak@yahoo.com', 'Lia', 'Zemlak'),
(155, '866-855-8118', 'NikkiPredovic@gmail.com', 'Nikki', 'Predovic'),
(156, '462-315-7347', 'DemarcusKlein@outlook.com', 'Demarcus', 'Klein'),
(157, '902-948-9681', 'WalkerJerde@gmail.com', 'Walker', 'Jerde'),
(158, '233-440-7700', 'MadisynMcKenzie@outlook.com', 'Madisyn', 'McKenzie'),
(159, '868-335-3689', 'IssacJenkins@outlook.com', 'Issac', 'Jenkins'),
(160, '591-509-9389', 'GarryHirthe@yahoo.com', 'Garry', 'Hirthe'),
(161, '903-357-8681', 'CaraCarter@gmail.com', 'Cara', 'Carter'),
(162, '812-719-4155', 'KeeleyVolkman@gmail.com', 'Keeley', 'Volkman'),
(163, '752-683-9288', 'FridaHauck@outlook.com', 'Frida', 'Hauck'),
(164, '377-978-3408', 'NoraDickens@gmail.com', 'Nora', 'Dickens'),
(165, '397-794-1019', 'HildaBernhard@outlook.com', 'Hilda', 'Bernhard'),
(166, '337-237-2217', 'CassandraMetz@yahoo.com', 'Cassandra', 'Metz'),
(167, '276-722-2392', 'LuellaGreenholt@gmail.com', 'Luella', 'Greenholt'),
(168, '255-414-4355', 'HowardGreenfelder@outlook.com', 'Howard', 'Greenfelder'),
(169, '867-814-6606', 'GladyceStrosin@gmail.com', 'Gladyce', 'Strosin'),
(170, '609-441-0361', 'KarineGerhold@yahoo.com', 'Karine', 'Gerhold'),
(171, '683-996-7954', 'ArvelPfannerstill@yahoo.com', 'Arvel', 'Pfannerstill'),
(172, '524-848-7315', 'RockyWalker@outlook.com', 'Rocky', 'Walker'),
(173, '525-975-0664', 'EmilianoKemmer@gmail.com', 'Emiliano', 'Kemmer'),
(174, '551-481-2498', 'ParisRitchie@yahoo.com', 'Paris', 'Ritchie'),
(175, '662-636-4553', 'MaribelKutch@outlook.com', 'Maribel', 'Kutch'),
(176, '334-812-3731', 'TheoAufderhar@gmail.com', 'Theo', 'Aufderhar'),
(177, '307-402-6884', 'MyaKilback@gmail.com', 'Mya', 'Kilback'),
(178, '578-526-7379', 'ErinTorp@gmail.com', 'Erin', 'Torp'),
(179, '207-210-9415', 'DarronNolan@yahoo.com', 'Darron', 'Nolan'),
(180, '777-440-1548', 'JovanyRosenbaum@yahoo.com', 'Jovany', 'Rosenbaum'),
(181, '946-386-5486', 'MakenzieYost@outlook.com', 'Makenzie', 'Yost'),
(182, '903-398-5040', 'GabeBergnaum@outlook.com', 'Gabe', 'Bergnaum'),
(183, '826-730-9642', 'EmmanuelleYundt@yahoo.com', 'Emmanuelle', 'Yundt'),
(184, '358-690-5568', 'GianniHayes@outlook.com', 'Gianni', 'Hayes'),
(185, '768-997-6746', 'DariusYost@gmail.com', 'Darius', 'Yost'),
(186, '860-919-2855', 'FlorenceCronin@gmail.com', 'Florence', 'Cronin'),
(187, '206-306-8852', 'MaximusPfeffer@gmail.com', 'Maximus', 'Pfeffer'),
(188, '433-961-3829', 'JohnnieFraney@gmail.com', 'Johnnie', 'Franey'),
(189, '944-918-3100', 'BenedictPowlowski@yahoo.com', 'Benedict', 'Powlowski'),
(190, '384-931-1558', 'BuckWaters@outlook.com', 'Buck', 'Waters'),
(191, '305-590-3586', 'DakotaD\'Amore@gmail.com', 'Dakota', 'D\'Amore'),
(192, '575-999-9761', 'MargueriteJacobson@yahoo.com', 'Marguerite', 'Jacobson'),
(193, '770-303-5680', 'ClareMiller@yahoo.com', 'Clare', 'Miller'),
(194, '862-953-9716', 'AugustusWiza@outlook.com', 'Augustus', 'Wiza'),
(195, '856-775-9861', 'RicardoMosciski@gmail.com', 'Ricardo', 'Mosciski'),
(196, '392-676-2152', 'DestineeMayer@gmail.com', 'Destinee', 'Mayer'),
(197, '726-377-8747', 'JosefaLehner@outlook.com', 'Josefa', 'Lehner'),
(198, '680-851-6436', 'MarleePouros@outlook.com', 'Marlee', 'Pouros'),
(199, '991-595-0450', 'ConcepcionReilly@yahoo.com', 'Concepcion', 'Reilly'),
(200, '247-984-1575', 'VincenzaHaag@yahoo.com', 'Vincenza', 'Haag'),
(201, '551-628-4177', 'MaggieJakubowski@yahoo.com', 'Maggie', 'Jakubowski'),
(202, '655-864-5420', 'JeffryAuer@gmail.com', 'Jeffry', 'Auer'),
(203, '669-598-1134', 'BreanneCremin@gmail.com', 'Breanne', 'Cremin'),
(204, '361-688-9036', 'ThelmaReynolds@yahoo.com', 'Thelma', 'Reynolds'),
(205, '987-803-1440', 'ZacharyFeeney@yahoo.com', 'Zachary', 'Feeney'),
(206, '805-597-1729', 'LupeSteuber@yahoo.com', 'Lupe', 'Steuber'),
(207, '358-820-6142', 'EloyGreenholt@gmail.com', 'Eloy', 'Greenholt'),
(208, '711-914-5044', 'NoraConnelly@gmail.com', 'Nora', 'Connelly'),
(209, '352-844-3409', 'ShaniaKuhlman@outlook.com', 'Shania', 'Kuhlman'),
(210, '288-454-6687', 'KenyaSmith@yahoo.com', 'Kenya', 'Smith'),
(211, '710-742-3360', 'GeovannyOndricka@outlook.com', 'Geovanny', 'Ondricka'),
(212, '448-445-3006', 'EwaldFarrell@outlook.com', 'Ewald', 'Farrell'),
(213, '982-504-4180', 'GriffinHuel@outlook.com', 'Griffin', 'Huel'),
(214, '882-468-4457', 'MohammadBartell@gmail.com', 'Mohammad', 'Bartell'),
(215, '522-885-7598', 'RowanBins@yahoo.com', 'Rowan', 'Bins'),
(216, '863-984-2485', 'AricWalsh@yahoo.com', 'Aric', 'Walsh'),
(217, '859-351-8114', 'PatriciaRowe@gmail.com', 'Patricia', 'Rowe'),
(218, '224-879-9008', 'MalikaTreutel@gmail.com', 'Malika', 'Treutel'),
(219, '737-959-3709', 'JettBeier@yahoo.com', 'Jett', 'Beier'),
(220, '238-333-6583', 'AndersonMosciski@yahoo.com', 'Anderson', 'Mosciski'),
(221, '794-799-7214', 'TrishaHintz@yahoo.com', 'Trisha', 'Hintz'),
(222, '455-665-8607', 'SammyJohnston@gmail.com', 'Sammy', 'Johnston'),
(223, '649-389-1276', 'RomaineNader@gmail.com', 'Romaine', 'Nader'),
(224, '815-642-4163', 'AlbaWalsh@yahoo.com', 'Alba', 'Walsh'),
(225, '290-726-0657', 'MellieFeest@yahoo.com', 'Mellie', 'Feest'),
(226, '909-612-8002', 'ErnestBotsford@outlook.com', 'Ernest', 'Botsford'),
(227, '898-441-1360', 'AdrielKub@yahoo.com', 'Adriel', 'Kub'),
(228, '251-629-5212', 'AmaliaSmitham@outlook.com', 'Amalia', 'Smitham'),
(229, '206-715-6212', 'ZariaDurgan@outlook.com', 'Zaria', 'Durgan'),
(230, '538-566-8151', 'MalindaWitting@yahoo.com', 'Malinda', 'Witting'),
(231, '750-810-8350', 'CalistaCassin@gmail.com', 'Calista', 'Cassin'),
(232, '928-791-1696', 'EraKuhlman@gmail.com', 'Era', 'Kuhlman'),
(233, '976-644-6908', 'GretaLang@yahoo.com', 'Greta', 'Lang'),
(234, '543-367-7941', 'ValentinaStreich@outlook.com', 'Valentina', 'Streich'),
(235, '806-953-0231', 'OrenLittle@outlook.com', 'Oren', 'Little'),
(236, '953-414-6568', 'OrenKessler@yahoo.com', 'Oren', 'Kessler'),
(237, '856-988-4990', 'RansomJerde@outlook.com', 'Ransom', 'Jerde'),
(238, '643-458-4785', 'ChloeMedhurst@yahoo.com', 'Chloe', 'Medhurst'),
(239, '445-871-0716', 'SaigePaucek@yahoo.com', 'Saige', 'Paucek'),
(240, '955-550-6507', 'NaomieWalter@gmail.com', 'Naomie', 'Walter'),
(241, '931-363-2859', 'BrendaD\'Amore@gmail.com', 'Brenda', 'D\'Amore'),
(242, '394-878-0610', 'UriahSmitham@outlook.com', 'Uriah', 'Smitham'),
(243, '462-353-1097', 'CamilaSmith@outlook.com', 'Camila', 'Smith'),
(244, '890-501-5632', 'KasandraHyatt@yahoo.com', 'Kasandra', 'Hyatt'),
(245, '502-222-9511', 'ThaliaVeum@outlook.com', 'Thalia', 'Veum'),
(246, '244-550-7488', 'IanRice@outlook.com', 'Ian', 'Rice'),
(247, '747-395-4857', 'EverettLedner@gmail.com', 'Everett', 'Ledner'),
(248, '966-570-4299', 'MervinCormier@gmail.com', 'Mervin', 'Cormier'),
(249, '312-905-9138', 'TrystanPacocha@gmail.com', 'Trystan', 'Pacocha'),
(250, '691-762-8931', 'CarissaProsacco@outlook.com', 'Carissa', 'Prosacco'),
(251, '470-519-9635', 'SalvatoreGutmann@gmail.com', 'Salvatore', 'Gutmann'),
(252, '499-981-4543', 'ElenorKrajcik@yahoo.com', 'Elenor', 'Krajcik'),
(253, '803-606-5143', 'JeradAuer@gmail.com', 'Jerad', 'Auer'),
(254, '817-584-8191', 'DaronCollier@yahoo.com', 'Daron', 'Collier'),
(255, '880-265-8056', 'RyderBogan@yahoo.com', 'Ryder', 'Bogan'),
(256, '998-485-5717', 'JazmynKris@gmail.com', 'Jazmyn', 'Kris'),
(257, '376-414-2736', 'RosettaHarris@yahoo.com', 'Rosetta', 'Harris'),
(258, '854-701-1345', 'KelvinRath@yahoo.com', 'Kelvin', 'Rath'),
(259, '504-505-0073', 'VinnieUllrich@outlook.com', 'Vinnie', 'Ullrich'),
(260, '498-437-1187', 'ColtenConnelly@yahoo.com', 'Colten', 'Connelly'),
(261, '709-638-0912', 'KelsieDibbert@yahoo.com', 'Kelsie', 'Dibbert'),
(262, '622-914-2456', 'NealGraham@outlook.com', 'Neal', 'Graham'),
(263, '933-264-3228', 'FridaPacocha@gmail.com', 'Frida', 'Pacocha'),
(264, '279-243-3620', 'DanikaQuitzon@yahoo.com', 'Danika', 'Quitzon'),
(265, '363-253-1035', 'KorbinKeebler@yahoo.com', 'Korbin', 'Keebler'),
(266, '520-776-8030', 'NonaMarvin@gmail.com', 'Nona', 'Marvin'),
(267, '630-538-7190', 'KevenHettinger@gmail.com', 'Keven', 'Hettinger'),
(268, '883-607-8019', 'MillieQuigley@yahoo.com', 'Millie', 'Quigley'),
(269, '638-261-4096', 'DarenTillman@yahoo.com', 'Daren', 'Tillman'),
(270, '545-491-8986', 'AlanaWatsica@yahoo.com', 'Alana', 'Watsica'),
(271, '611-569-5276', 'IgnacioHettinger@outlook.com', 'Ignacio', 'Hettinger'),
(272, '442-816-9045', 'CobyDickinson@outlook.com', 'Coby', 'Dickinson'),
(273, '418-948-6552', 'DeliaTillman@gmail.com', 'Delia', 'Tillman'),
(274, '293-983-6214', 'QuentinConroy@outlook.com', 'Quentin', 'Conroy'),
(275, '912-351-4884', 'AudieSmith@outlook.com', 'Audie', 'Smith'),
(276, '646-308-8547', 'NoemieAdams@gmail.com', 'Noemie', 'Adams'),
(277, '991-792-9389', 'TaliaHansen@outlook.com', 'Talia', 'Hansen'),
(278, '668-725-3997', 'ErnestKunde@outlook.com', 'Ernest', 'Kunde'),
(279, '336-873-7241', 'JaydaBrown@outlook.com', 'Jayda', 'Brown'),
(280, '978-954-1848', 'BaronMurphy@gmail.com', 'Baron', 'Murphy'),
(281, '686-587-3664', 'AdonisLangworth@outlook.com', 'Adonis', 'Langworth'),
(282, '833-425-0213', 'KelsieGleason@gmail.com', 'Kelsie', 'Gleason'),
(283, '393-552-8641', 'DannyRowe@yahoo.com', 'Danny', 'Rowe'),
(284, '890-608-4421', 'ZackeryMarvin@yahoo.com', 'Zackery', 'Marvin'),
(285, '667-394-2217', 'MelvinDouglas@yahoo.com', 'Melvin', 'Douglas'),
(286, '538-646-0439', 'SincereCasper@gmail.com', 'Sincere', 'Casper'),
(287, '314-596-6573', 'CarissaFeeney@gmail.com', 'Carissa', 'Feeney'),
(288, '915-475-1818', 'FreemanStrosin@yahoo.com', 'Freeman', 'Strosin'),
(289, '221-350-1130', 'TaliaSipes@gmail.com', 'Talia', 'Sipes'),
(290, '677-744-8440', 'JenaHuels@outlook.com', 'Jena', 'Huels'),
(291, '829-268-1476', 'JonMiller@outlook.com', 'Jon', 'Miller'),
(292, '857-283-4534', 'KelvinMaggio@gmail.com', 'Kelvin', 'Maggio'),
(293, '977-362-7750', 'ClevelandMcLaughlin@gmail.com', 'Cleveland', 'McLaughlin'),
(294, '878-925-8605', 'DallinFeest@outlook.com', 'Dallin', 'Feest'),
(295, '851-801-3050', 'CarolineRutherford@outlook.com', 'Caroline', 'Rutherford'),
(296, '655-324-5476', 'RoryToy@yahoo.com', 'Rory', 'Toy'),
(297, '644-522-4967', 'AmyaAnderson@outlook.com', 'Amya', 'Anderson'),
(298, '900-341-7640', 'MariamWyman@gmail.com', 'Mariam', 'Wyman'),
(299, '264-205-7232', 'DahliaKirlin@gmail.com', 'Dahlia', 'Kirlin'),
(300, '821-500-3327', 'PrestonConnelly@gmail.com', 'Preston', 'Connelly'),
(301, '687-328-3599', 'DouglasTurcotte@yahoo.com', 'Douglas', 'Turcotte'),
(302, '376-459-6987', 'HoseaConroy@gmail.com', 'Hosea', 'Conroy'),
(303, '345-672-3504', 'AnastasiaSchmitt@gmail.com', 'Anastasia', 'Schmitt'),
(304, '991-787-0019', 'TannerKessler@gmail.com', 'Tanner', 'Kessler'),
(305, '844-310-6965', 'DerickAbernathy@outlook.com', 'Derick', 'Abernathy'),
(306, '684-995-2653', 'KeshawnGusikowski@yahoo.com', 'Keshawn', 'Gusikowski'),
(307, '309-626-0385', 'AlphonsoBahringer@gmail.com', 'Alphonso', 'Bahringer'),
(308, '541-642-4520', 'MeggieKeeling@yahoo.com', 'Meggie', 'Keeling'),
(309, '633-341-2658', 'CelestineJast@yahoo.com', 'Celestine', 'Jast'),
(310, '227-491-0462', 'ChadrickCollier@outlook.com', 'Chadrick', 'Collier'),
(311, '660-493-9464', 'EmieWyman@outlook.com', 'Emie', 'Wyman'),
(312, '467-850-0904', 'RaoulKing@outlook.com', 'Raoul', 'King'),
(313, '768-673-9259', 'ReneeWillms@gmail.com', 'Renee', 'Willms'),
(314, '773-903-4902', 'RaleighSipes@yahoo.com', 'Raleigh', 'Sipes'),
(315, '922-570-5729', 'DulceFeest@gmail.com', 'Dulce', 'Feest'),
(316, '659-537-4613', 'ElianeCarroll@gmail.com', 'Eliane', 'Carroll'),
(317, '567-817-7320', 'EveretteReynolds@gmail.com', 'Everette', 'Reynolds'),
(318, '777-575-8778', 'FelixWill@outlook.com', 'Felix', 'Will'),
(319, '708-950-5096', 'AntoniettaWehner@outlook.com', 'Antonietta', 'Wehner'),
(320, '814-602-7085', 'MadonnaWuckert@outlook.com', 'Madonna', 'Wuckert'),
(321, '769-731-3278', 'AlfredaKonopelski@gmail.com', 'Alfreda', 'Konopelski'),
(322, '463-525-5666', 'JoaquinHodkiewicz@yahoo.com', 'Joaquin', 'Hodkiewicz'),
(323, '513-801-5907', 'BartholomeKautzer@outlook.com', 'Bartholome', 'Kautzer'),
(324, '905-402-3830', 'JimmyLehner@gmail.com', 'Jimmy', 'Lehner'),
(325, '597-986-1732', 'KimberlyHayes@outlook.com', 'Kimberly', 'Hayes'),
(326, '397-373-1552', 'AudreanneTromp@gmail.com', 'Audreanne', 'Tromp'),
(327, '983-256-3206', 'BransonOrn@gmail.com', 'Branson', 'Orn'),
(328, '997-704-4238', 'CiceroFahey@gmail.com', 'Cicero', 'Fahey'),
(329, '202-631-8936', 'LexiCummerata@gmail.com', 'Lexi', 'Cummerata'),
(330, '331-905-8697', 'CandiceFarrell@yahoo.com', 'Candice', 'Farrell'),
(331, '525-835-1504', 'RickyRaynor@outlook.com', 'Ricky', 'Raynor'),
(332, '618-235-0162', 'GarrickHowe@outlook.com', 'Garrick', 'Howe'),
(333, '298-722-1550', 'JacintoWintheiser@yahoo.com', 'Jacinto', 'Wintheiser'),
(334, '766-995-5740', 'KhalilStoltenberg@gmail.com', 'Khalil', 'Stoltenberg'),
(335, '983-666-0043', 'NicholausDooley@yahoo.com', 'Nicholaus', 'Dooley'),
(336, '404-364-3545', 'GrahamLeuschke@outlook.com', 'Graham', 'Leuschke'),
(337, '952-632-6457', 'VivaGusikowski@outlook.com', 'Viva', 'Gusikowski'),
(338, '936-886-5117', 'AaliyahWitting@gmail.com', 'Aaliyah', 'Witting'),
(339, '599-339-1449', 'YasmeenRempel@outlook.com', 'Yasmeen', 'Rempel'),
(340, '759-354-8492', 'MarlinHaag@yahoo.com', 'Marlin', 'Haag'),
(341, '734-294-8695', 'AndreanneStrosin@yahoo.com', 'Andreanne', 'Strosin'),
(342, '598-439-6621', 'FritzRempel@outlook.com', 'Fritz', 'Rempel'),
(343, '284-358-6083', 'AshleyPouros@gmail.com', 'Ashley', 'Pouros'),
(344, '603-394-7110', 'AvisO\'Kon@outlook.com', 'Avis', 'O\'Kon'),
(345, '554-436-8312', 'MarionBarrows@outlook.com', 'Marion', 'Barrows'),
(346, '865-237-4802', 'NealRunte@yahoo.com', 'Neal', 'Runte'),
(347, '700-873-9553', 'AaronKuvalis@outlook.com', 'Aaron', 'Kuvalis'),
(348, '767-830-1968', 'MistySchaden@gmail.com', 'Misty', 'Schaden'),
(349, '428-356-1196', 'RodrickKoepp@yahoo.com', 'Rodrick', 'Koepp'),
(350, '906-359-4885', 'ArnulfoDurgan@outlook.com', 'Arnulfo', 'Durgan');

-- --------------------------------------------------------

--
-- Table structure for table `Employee`
--

CREATE TABLE `Employee` (
  `EmployeeID` int(11) NOT NULL,
  `Fname` varchar(50) NOT NULL,
  `Lname` varchar(50) NOT NULL,
  `Position` varchar(50) NOT NULL,
  `FranchiseID` int(11) NOT NULL
) ENGINE=InnoDB DEFAULT CHARSET=utf8mb4;

--
-- Dumping data for table `Employee`
--

INSERT INTO `Employee` (`EmployeeID`, `Fname`, `Lname`, `Position`, `FranchiseID`) VALUES
(1, 'Chris', 'Guidry', 'Manager', 1),
(2, 'Eric', 'Jones', 'Mover', 1),
(3, 'Thomas', 'Rivera', 'Mover', 1),
(4, 'Ryan', 'Hebert', 'Mover', 1),
(5, 'Vincent', 'Abshire', 'Manager', 2),
(6, 'James', 'Clark', 'Mover', 2),
(7, 'Connor', 'Milton', 'Mover', 2),
(8, 'Jack', 'Benson', 'Mover', 2);

-- --------------------------------------------------------

--
-- Table structure for table `Franchise`
--

CREATE TABLE `Franchise` (
  `FranchiseID` int(11) NOT NULL,
  `City` varchar(50) NOT NULL,
  `State` varchar(50) NOT NULL,
  `Address` varchar(50) NOT NULL,
  `FranchiseOwner` varchar(50) NOT NULL
) ENGINE=InnoDB DEFAULT CHARSET=utf8mb4;

--
-- Dumping data for table `Franchise`
--

INSERT INTO `Franchise` (`FranchiseID`, `City`, `State`, `Address`, `FranchiseOwner`) VALUES
(1, 'Lafayette', 'Louisiana', '121 Rue Louis XIV', 'Louis Anderson'),
(2, 'Baton Rouge', 'Louisiana', '9002 S Choctaw Dr', 'Ben Davis'),
(3, 'New Orleans', 'Louisiana', '210 Euterpe St', 'Sam Wilson');

-- --------------------------------------------------------

--
-- Table structure for table `JobInfo`
--

CREATE TABLE `JobInfo` (
  `JobID` int(11) NOT NULL,
  `Day` int(11) NOT NULL,
  `Month` int(11) NOT NULL,
  `jYear` int(11) NOT NULL,
  `ClientID` int(11) NOT NULL,
  `OriginalCity` varchar(50) NOT NULL,
  `OriginalStreetAddress` varchar(70) NOT NULL,
  `DestinationCity` varchar(50) NOT NULL,
  `DestinationStreetAddress` varchar(70) DEFAULT NULL,
  `FranchiseID` int(11) NOT NULL
) ENGINE=InnoDB DEFAULT CHARSET=utf8mb4;

--
-- Dumping data for table `JobInfo`
--

INSERT INTO `JobInfo` (`JobID`, `Day`, `Month`, `jYear`, `ClientID`, `OriginalCity`, `OriginalStreetAddress`, `DestinationCity`, `DestinationStreetAddress`, `FranchiseID`) VALUES
(1, 10, 3, 2021, 1, 'Metairie', '352 Hansen Tunnel', 'Metairie', '513 Daugherty Flat', 1),
(2, 10, 3, 2021, 2, 'Metairie', '352 Hansen Tunnel', 'Metairie', '513 Daugherty Flat', 3),
(3, 10, 3, 2021, 3, 'Metairie', '352 Hansen Tunnel', 'Metairie', '513 Daugherty Flat', 3),
(4, 10, 3, 2021, 4, 'Metairie', '352 Hansen Tunnel', 'Metairie', '513 Daugherty Flat', 3),
(5, 10, 3, 2021, 5, 'Metairie', '352 Hansen Tunnel', 'Metairie', '513 Daugherty Flat', 2),
(6, 10, 3, 2021, 6, 'Metairie', '352 Hansen Tunnel', 'Metairie', '513 Daugherty Flat', 3),
(7, 10, 3, 2021, 7, 'Metairie', '352 Hansen Tunnel', 'Metairie', '513 Daugherty Flat', 2),
(8, 10, 3, 2021, 8, 'Metairie', '352 Hansen Tunnel', 'Metairie', '513 Daugherty Flat', 3),
(9, 10, 3, 2021, 9, 'Metairie', '352 Hansen Tunnel', 'Metairie', '513 Daugherty Flat', 3),
(10, 10, 3, 2021, 10, 'Metairie', '352 Hansen Tunnel', 'Metairie', '513 Daugherty Flat', 1),
(11, 10, 3, 2021, 11, 'Metairie', '352 Hansen Tunnel', 'Metairie', '513 Daugherty Flat', 1),
(12, 10, 3, 2021, 12, 'Metairie', '352 Hansen Tunnel', 'Metairie', '513 Daugherty Flat', 1),
(13, 10, 3, 2021, 13, 'Metairie', '352 Hansen Tunnel', 'Metairie', '513 Daugherty Flat', 1),
(14, 10, 3, 2021, 14, 'Metairie', '352 Hansen Tunnel', 'Metairie', '513 Daugherty Flat', 3),
(15, 10, 3, 2021, 15, 'Metairie', '352 Hansen Tunnel', 'Metairie', '513 Daugherty Flat', 3),
(16, 10, 3, 2021, 16, 'Metairie', '352 Hansen Tunnel', 'Metairie', '513 Daugherty Flat', 3),
(17, 10, 3, 2021, 17, 'Metairie', '352 Hansen Tunnel', 'Metairie', '513 Daugherty Flat', 3),
(18, 10, 3, 2021, 18, 'Metairie', '352 Hansen Tunnel', 'Metairie', '513 Daugherty Flat', 3),
(19, 10, 3, 2021, 19, 'Metairie', '352 Hansen Tunnel', 'Metairie', '513 Daugherty Flat', 2),
(20, 10, 3, 2021, 20, 'Metairie', '352 Hansen Tunnel', 'Metairie', '513 Daugherty Flat', 1),
(21, 10, 3, 2021, 21, 'Metairie', '352 Hansen Tunnel', 'Metairie', '513 Daugherty Flat', 1),
(22, 10, 3, 2021, 22, 'Metairie', '352 Hansen Tunnel', 'Metairie', '513 Daugherty Flat', 1),
(23, 10, 3, 2021, 23, 'Metairie', '352 Hansen Tunnel', 'Metairie', '513 Daugherty Flat', 2),
(24, 10, 3, 2021, 24, 'Metairie', '352 Hansen Tunnel', 'Metairie', '513 Daugherty Flat', 2),
(25, 10, 3, 2021, 25, 'Metairie', '352 Hansen Tunnel', 'Metairie', '513 Daugherty Flat', 3),
(26, 10, 3, 2021, 26, 'Metairie', '352 Hansen Tunnel', 'Metairie', '513 Daugherty Flat', 1),
(27, 10, 3, 2021, 27, 'Metairie', '352 Hansen Tunnel', 'Metairie', '513 Daugherty Flat', 3),
(28, 10, 3, 2021, 28, 'Metairie', '352 Hansen Tunnel', 'Metairie', '513 Daugherty Flat', 3),
(29, 10, 3, 2021, 29, 'Metairie', '352 Hansen Tunnel', 'Metairie', '513 Daugherty Flat', 3),
(30, 10, 3, 2021, 30, 'Metairie', '352 Hansen Tunnel', 'Metairie', '513 Daugherty Flat', 2),
(31, 10, 3, 2021, 31, 'Metairie', '352 Hansen Tunnel', 'Metairie', '513 Daugherty Flat', 1),
(32, 10, 3, 2021, 32, 'Metairie', '352 Hansen Tunnel', 'Metairie', '513 Daugherty Flat', 2),
(33, 10, 3, 2021, 33, 'Metairie', '352 Hansen Tunnel', 'Metairie', '513 Daugherty Flat', 2),
(34, 10, 3, 2021, 34, 'Metairie', '352 Hansen Tunnel', 'Metairie', '513 Daugherty Flat', 2),
(35, 10, 3, 2021, 35, 'Metairie', '352 Hansen Tunnel', 'Metairie', '513 Daugherty Flat', 3),
(36, 10, 3, 2021, 36, 'Metairie', '352 Hansen Tunnel', 'Metairie', '513 Daugherty Flat', 1),
(37, 10, 3, 2021, 37, 'Metairie', '352 Hansen Tunnel', 'Metairie', '513 Daugherty Flat', 3),
(38, 10, 3, 2021, 38, 'Metairie', '352 Hansen Tunnel', 'Metairie', '513 Daugherty Flat', 3),
(39, 10, 3, 2021, 39, 'Metairie', '352 Hansen Tunnel', 'Metairie', '513 Daugherty Flat', 3),
(40, 10, 3, 2021, 40, 'Metairie', '352 Hansen Tunnel', 'Metairie', '513 Daugherty Flat', 1),
(41, 10, 3, 2021, 41, 'Metairie', '352 Hansen Tunnel', 'Metairie', '513 Daugherty Flat', 1),
(42, 10, 3, 2021, 42, 'Metairie', '352 Hansen Tunnel', 'Metairie', '513 Daugherty Flat', 2),
(43, 10, 3, 2021, 43, 'Metairie', '352 Hansen Tunnel', 'Metairie', '513 Daugherty Flat', 2),
(44, 10, 3, 2021, 44, 'Metairie', '352 Hansen Tunnel', 'Metairie', '513 Daugherty Flat', 3),
(45, 10, 3, 2021, 45, 'Metairie', '352 Hansen Tunnel', 'Metairie', '513 Daugherty Flat', 1),
(46, 10, 3, 2021, 46, 'Metairie', '352 Hansen Tunnel', 'Metairie', '513 Daugherty Flat', 2),
(47, 10, 3, 2021, 47, 'Metairie', '352 Hansen Tunnel', 'Metairie', '513 Daugherty Flat', 1),
(48, 10, 3, 2021, 48, 'Metairie', '352 Hansen Tunnel', 'Metairie', '513 Daugherty Flat', 1),
(49, 10, 3, 2021, 49, 'Metairie', '352 Hansen Tunnel', 'Metairie', '513 Daugherty Flat', 1),
(50, 10, 3, 2021, 50, 'Metairie', '352 Hansen Tunnel', 'Metairie', '513 Daugherty Flat', 1),
(51, 10, 3, 2021, 51, 'Metairie', '352 Hansen Tunnel', 'Metairie', '513 Daugherty Flat', 3),
(52, 10, 3, 2021, 52, 'Metairie', '352 Hansen Tunnel', 'Metairie', '513 Daugherty Flat', 1),
(53, 10, 3, 2021, 53, 'Metairie', '352 Hansen Tunnel', 'Metairie', '513 Daugherty Flat', 1),
(54, 10, 3, 2021, 54, 'Metairie', '352 Hansen Tunnel', 'Metairie', '513 Daugherty Flat', 2),
(55, 10, 3, 2021, 55, 'Metairie', '352 Hansen Tunnel', 'Metairie', '513 Daugherty Flat', 2),
(56, 10, 3, 2021, 56, 'Metairie', '352 Hansen Tunnel', 'Metairie', '513 Daugherty Flat', 3),
(57, 10, 3, 2021, 57, 'Metairie', '352 Hansen Tunnel', 'Metairie', '513 Daugherty Flat', 2),
(58, 10, 3, 2021, 58, 'Metairie', '352 Hansen Tunnel', 'Metairie', '513 Daugherty Flat', 1),
(59, 10, 3, 2021, 59, 'Metairie', '352 Hansen Tunnel', 'Metairie', '513 Daugherty Flat', 2),
(60, 10, 3, 2021, 60, 'Metairie', '352 Hansen Tunnel', 'Metairie', '513 Daugherty Flat', 1),
(61, 10, 3, 2021, 61, 'Metairie', '352 Hansen Tunnel', 'Metairie', '513 Daugherty Flat', 2),
(62, 10, 3, 2021, 62, 'Metairie', '352 Hansen Tunnel', 'Metairie', '513 Daugherty Flat', 2),
(63, 10, 3, 2021, 63, 'Metairie', '352 Hansen Tunnel', 'Metairie', '513 Daugherty Flat', 1),
(64, 10, 3, 2021, 64, 'Metairie', '352 Hansen Tunnel', 'Metairie', '513 Daugherty Flat', 1),
(65, 10, 3, 2021, 65, 'Metairie', '352 Hansen Tunnel', 'Metairie', '513 Daugherty Flat', 3),
(66, 10, 3, 2021, 66, 'Metairie', '352 Hansen Tunnel', 'Metairie', '513 Daugherty Flat', 1),
(67, 10, 3, 2021, 67, 'Metairie', '352 Hansen Tunnel', 'Metairie', '513 Daugherty Flat', 1),
(68, 10, 3, 2021, 68, 'Metairie', '352 Hansen Tunnel', 'Metairie', '513 Daugherty Flat', 1),
(69, 10, 3, 2021, 69, 'Metairie', '352 Hansen Tunnel', 'Metairie', '513 Daugherty Flat', 1),
(70, 10, 3, 2021, 70, 'Metairie', '352 Hansen Tunnel', 'Metairie', '513 Daugherty Flat', 3),
(71, 10, 3, 2021, 71, 'Metairie', '352 Hansen Tunnel', 'Metairie', '513 Daugherty Flat', 2),
(72, 10, 3, 2021, 72, 'Metairie', '352 Hansen Tunnel', 'Metairie', '513 Daugherty Flat', 2),
(73, 10, 3, 2021, 73, 'Metairie', '352 Hansen Tunnel', 'Metairie', '513 Daugherty Flat', 2),
(74, 10, 3, 2021, 74, 'Metairie', '352 Hansen Tunnel', 'Metairie', '513 Daugherty Flat', 3),
(75, 10, 3, 2021, 75, 'Metairie', '352 Hansen Tunnel', 'Metairie', '513 Daugherty Flat', 1),
(76, 10, 3, 2021, 76, 'Metairie', '352 Hansen Tunnel', 'Metairie', '513 Daugherty Flat', 1),
(77, 10, 3, 2021, 77, 'Metairie', '352 Hansen Tunnel', 'Metairie', '513 Daugherty Flat', 2),
(78, 10, 3, 2021, 78, 'Metairie', '352 Hansen Tunnel', 'Metairie', '513 Daugherty Flat', 3),
(79, 10, 3, 2021, 79, 'Metairie', '352 Hansen Tunnel', 'Metairie', '513 Daugherty Flat', 1),
(80, 10, 3, 2021, 80, 'Metairie', '352 Hansen Tunnel', 'Metairie', '513 Daugherty Flat', 3),
(81, 10, 3, 2021, 81, 'Metairie', '352 Hansen Tunnel', 'Metairie', '513 Daugherty Flat', 2),
(82, 10, 3, 2021, 82, 'Metairie', '352 Hansen Tunnel', 'Metairie', '513 Daugherty Flat', 2),
(83, 10, 3, 2021, 83, 'Metairie', '352 Hansen Tunnel', 'Metairie', '513 Daugherty Flat', 3),
(84, 10, 3, 2021, 84, 'Metairie', '352 Hansen Tunnel', 'Metairie', '513 Daugherty Flat', 3),
(85, 10, 3, 2021, 85, 'Metairie', '352 Hansen Tunnel', 'Metairie', '513 Daugherty Flat', 3),
(86, 10, 3, 2021, 86, 'Metairie', '352 Hansen Tunnel', 'Metairie', '513 Daugherty Flat', 3),
(87, 10, 3, 2021, 87, 'Metairie', '352 Hansen Tunnel', 'Metairie', '513 Daugherty Flat', 2),
(88, 10, 3, 2021, 88, 'Metairie', '352 Hansen Tunnel', 'Metairie', '513 Daugherty Flat', 1),
(89, 10, 3, 2021, 89, 'Metairie', '352 Hansen Tunnel', 'Metairie', '513 Daugherty Flat', 2),
(90, 10, 3, 2021, 90, 'Metairie', '352 Hansen Tunnel', 'Metairie', '513 Daugherty Flat', 1),
(91, 10, 3, 2021, 91, 'Metairie', '352 Hansen Tunnel', 'Metairie', '513 Daugherty Flat', 2),
(92, 10, 3, 2021, 92, 'Metairie', '352 Hansen Tunnel', 'Metairie', '513 Daugherty Flat', 1),
(93, 10, 3, 2021, 93, 'Metairie', '352 Hansen Tunnel', 'Metairie', '513 Daugherty Flat', 3),
(94, 10, 3, 2021, 94, 'Metairie', '352 Hansen Tunnel', 'Metairie', '513 Daugherty Flat', 1),
(95, 10, 3, 2021, 95, 'Metairie', '352 Hansen Tunnel', 'Metairie', '513 Daugherty Flat', 1),
(96, 10, 3, 2021, 96, 'Metairie', '352 Hansen Tunnel', 'Metairie', '513 Daugherty Flat', 3),
(97, 10, 3, 2021, 97, 'Metairie', '352 Hansen Tunnel', 'Metairie', '513 Daugherty Flat', 3),
(98, 10, 3, 2021, 98, 'Metairie', '352 Hansen Tunnel', 'Metairie', '513 Daugherty Flat', 1),
(99, 10, 3, 2021, 99, 'Metairie', '352 Hansen Tunnel', 'Metairie', '513 Daugherty Flat', 3),
(100, 10, 3, 2021, 100, 'Metairie', '352 Hansen Tunnel', 'Metairie', '513 Daugherty Flat', 1),
(101, 10, 3, 2021, 101, 'Metairie', '352 Hansen Tunnel', 'Metairie', '513 Daugherty Flat', 2),
(102, 10, 3, 2021, 102, 'Metairie', '352 Hansen Tunnel', 'Metairie', '513 Daugherty Flat', 3),
(103, 10, 3, 2021, 103, 'Metairie', '352 Hansen Tunnel', 'Metairie', '513 Daugherty Flat', 2),
(104, 10, 3, 2021, 104, 'Metairie', '352 Hansen Tunnel', 'Metairie', '513 Daugherty Flat', 1),
(105, 10, 3, 2021, 105, 'Metairie', '352 Hansen Tunnel', 'Metairie', '513 Daugherty Flat', 1),
(106, 10, 3, 2021, 106, 'Metairie', '352 Hansen Tunnel', 'Metairie', '513 Daugherty Flat', 1),
(107, 10, 3, 2021, 107, 'Metairie', '352 Hansen Tunnel', 'Metairie', '513 Daugherty Flat', 3),
(108, 10, 3, 2021, 108, 'Metairie', '352 Hansen Tunnel', 'Metairie', '513 Daugherty Flat', 2),
(109, 10, 3, 2021, 109, 'Metairie', '352 Hansen Tunnel', 'Metairie', '513 Daugherty Flat', 1),
(110, 10, 3, 2021, 110, 'Metairie', '352 Hansen Tunnel', 'Metairie', '513 Daugherty Flat', 3),
(111, 10, 3, 2021, 111, 'Metairie', '352 Hansen Tunnel', 'Metairie', '513 Daugherty Flat', 1),
(112, 10, 3, 2021, 112, 'Metairie', '352 Hansen Tunnel', 'Metairie', '513 Daugherty Flat', 2),
(113, 10, 3, 2021, 113, 'Metairie', '352 Hansen Tunnel', 'Metairie', '513 Daugherty Flat', 3),
(114, 10, 3, 2021, 114, 'Metairie', '352 Hansen Tunnel', 'Metairie', '513 Daugherty Flat', 2),
(115, 10, 3, 2021, 115, 'Metairie', '352 Hansen Tunnel', 'Metairie', '513 Daugherty Flat', 2),
(116, 10, 3, 2021, 116, 'Metairie', '352 Hansen Tunnel', 'Metairie', '513 Daugherty Flat', 2),
(117, 10, 3, 2021, 117, 'Metairie', '352 Hansen Tunnel', 'Metairie', '513 Daugherty Flat', 3),
(118, 10, 3, 2021, 118, 'Metairie', '352 Hansen Tunnel', 'Metairie', '513 Daugherty Flat', 3),
(119, 10, 3, 2021, 119, 'Metairie', '352 Hansen Tunnel', 'Metairie', '513 Daugherty Flat', 2),
(120, 10, 3, 2021, 120, 'Metairie', '352 Hansen Tunnel', 'Metairie', '513 Daugherty Flat', 2),
(121, 10, 3, 2021, 121, 'Metairie', '352 Hansen Tunnel', 'Metairie', '513 Daugherty Flat', 2),
(122, 10, 3, 2021, 122, 'Metairie', '352 Hansen Tunnel', 'Metairie', '513 Daugherty Flat', 1),
(123, 10, 3, 2021, 123, 'Metairie', '352 Hansen Tunnel', 'Metairie', '513 Daugherty Flat', 3),
(124, 10, 3, 2021, 124, 'Metairie', '352 Hansen Tunnel', 'Metairie', '513 Daugherty Flat', 1),
(125, 10, 3, 2021, 125, 'Metairie', '352 Hansen Tunnel', 'Metairie', '513 Daugherty Flat', 1),
(126, 10, 3, 2021, 126, 'Metairie', '352 Hansen Tunnel', 'Metairie', '513 Daugherty Flat', 2),
(127, 10, 3, 2021, 127, 'Metairie', '352 Hansen Tunnel', 'Metairie', '513 Daugherty Flat', 2),
(128, 10, 3, 2021, 128, 'Metairie', '352 Hansen Tunnel', 'Metairie', '513 Daugherty Flat', 2),
(129, 10, 3, 2021, 129, 'Metairie', '352 Hansen Tunnel', 'Metairie', '513 Daugherty Flat', 1),
(130, 10, 3, 2021, 130, 'Metairie', '352 Hansen Tunnel', 'Metairie', '513 Daugherty Flat', 3),
(131, 10, 3, 2021, 131, 'Metairie', '352 Hansen Tunnel', 'Metairie', '513 Daugherty Flat', 1),
(132, 10, 3, 2021, 132, 'Metairie', '352 Hansen Tunnel', 'Metairie', '513 Daugherty Flat', 3),
(133, 10, 3, 2021, 133, 'Metairie', '352 Hansen Tunnel', 'Metairie', '513 Daugherty Flat', 2),
(134, 10, 3, 2021, 134, 'Metairie', '352 Hansen Tunnel', 'Metairie', '513 Daugherty Flat', 2),
(135, 10, 3, 2021, 135, 'Metairie', '352 Hansen Tunnel', 'Metairie', '513 Daugherty Flat', 2),
(136, 10, 3, 2021, 136, 'Metairie', '352 Hansen Tunnel', 'Metairie', '513 Daugherty Flat', 2),
(137, 10, 3, 2021, 137, 'Metairie', '352 Hansen Tunnel', 'Metairie', '513 Daugherty Flat', 2),
(138, 10, 3, 2021, 138, 'Metairie', '352 Hansen Tunnel', 'Metairie', '513 Daugherty Flat', 3),
(139, 10, 3, 2021, 139, 'Metairie', '352 Hansen Tunnel', 'Metairie', '513 Daugherty Flat', 2),
(140, 10, 3, 2021, 140, 'Metairie', '352 Hansen Tunnel', 'Metairie', '513 Daugherty Flat', 2),
(141, 10, 3, 2021, 141, 'Metairie', '352 Hansen Tunnel', 'Metairie', '513 Daugherty Flat', 1),
(142, 10, 3, 2021, 142, 'Metairie', '352 Hansen Tunnel', 'Metairie', '513 Daugherty Flat', 2),
(143, 10, 3, 2021, 143, 'Metairie', '352 Hansen Tunnel', 'Metairie', '513 Daugherty Flat', 2),
(144, 10, 3, 2021, 144, 'Metairie', '352 Hansen Tunnel', 'Metairie', '513 Daugherty Flat', 3),
(145, 10, 3, 2021, 145, 'Metairie', '352 Hansen Tunnel', 'Metairie', '513 Daugherty Flat', 3),
(146, 10, 3, 2021, 146, 'Metairie', '352 Hansen Tunnel', 'Metairie', '513 Daugherty Flat', 3),
(147, 10, 3, 2021, 147, 'Metairie', '352 Hansen Tunnel', 'Metairie', '513 Daugherty Flat', 2),
(148, 10, 3, 2021, 148, 'Metairie', '352 Hansen Tunnel', 'Metairie', '513 Daugherty Flat', 1),
(149, 10, 3, 2021, 149, 'Metairie', '352 Hansen Tunnel', 'Metairie', '513 Daugherty Flat', 1),
(150, 10, 3, 2021, 150, 'Metairie', '352 Hansen Tunnel', 'Metairie', '513 Daugherty Flat', 2),
(151, 10, 3, 2021, 151, 'Metairie', '352 Hansen Tunnel', 'Metairie', '513 Daugherty Flat', 3),
(152, 10, 3, 2021, 152, 'Metairie', '352 Hansen Tunnel', 'Metairie', '513 Daugherty Flat', 1),
(153, 10, 3, 2021, 153, 'Metairie', '352 Hansen Tunnel', 'Metairie', '513 Daugherty Flat', 3),
(154, 10, 3, 2021, 154, 'Metairie', '352 Hansen Tunnel', 'Metairie', '513 Daugherty Flat', 1),
(155, 10, 3, 2021, 155, 'Metairie', '352 Hansen Tunnel', 'Metairie', '513 Daugherty Flat', 1),
(156, 10, 3, 2021, 156, 'Metairie', '352 Hansen Tunnel', 'Metairie', '513 Daugherty Flat', 1),
(157, 10, 3, 2021, 157, 'Metairie', '352 Hansen Tunnel', 'Metairie', '513 Daugherty Flat', 1),
(158, 10, 3, 2021, 158, 'Metairie', '352 Hansen Tunnel', 'Metairie', '513 Daugherty Flat', 1),
(159, 10, 3, 2021, 159, 'Metairie', '352 Hansen Tunnel', 'Metairie', '513 Daugherty Flat', 3),
(160, 10, 3, 2021, 160, 'Metairie', '352 Hansen Tunnel', 'Metairie', '513 Daugherty Flat', 3),
(161, 10, 3, 2021, 161, 'Metairie', '352 Hansen Tunnel', 'Metairie', '513 Daugherty Flat', 2),
(162, 10, 3, 2021, 162, 'Metairie', '352 Hansen Tunnel', 'Metairie', '513 Daugherty Flat', 3),
(163, 10, 3, 2021, 163, 'Metairie', '352 Hansen Tunnel', 'Metairie', '513 Daugherty Flat', 3),
(164, 10, 3, 2021, 164, 'Metairie', '352 Hansen Tunnel', 'Metairie', '513 Daugherty Flat', 2),
(165, 10, 3, 2021, 165, 'Metairie', '352 Hansen Tunnel', 'Metairie', '513 Daugherty Flat', 3),
(166, 10, 3, 2021, 166, 'Metairie', '352 Hansen Tunnel', 'Metairie', '513 Daugherty Flat', 2),
(167, 10, 3, 2021, 167, 'Metairie', '352 Hansen Tunnel', 'Metairie', '513 Daugherty Flat', 2),
(168, 10, 3, 2021, 168, 'Metairie', '352 Hansen Tunnel', 'Metairie', '513 Daugherty Flat', 3),
(169, 10, 3, 2021, 169, 'Metairie', '352 Hansen Tunnel', 'Metairie', '513 Daugherty Flat', 3),
(170, 10, 3, 2021, 170, 'Metairie', '352 Hansen Tunnel', 'Metairie', '513 Daugherty Flat', 3),
(171, 10, 3, 2021, 171, 'Metairie', '352 Hansen Tunnel', 'Metairie', '513 Daugherty Flat', 3),
(172, 10, 3, 2021, 172, 'Metairie', '352 Hansen Tunnel', 'Metairie', '513 Daugherty Flat', 3),
(173, 10, 3, 2021, 173, 'Metairie', '352 Hansen Tunnel', 'Metairie', '513 Daugherty Flat', 1),
(174, 10, 3, 2021, 174, 'Metairie', '352 Hansen Tunnel', 'Metairie', '513 Daugherty Flat', 3),
(175, 10, 3, 2021, 175, 'Metairie', '352 Hansen Tunnel', 'Metairie', '513 Daugherty Flat', 2),
(176, 10, 3, 2021, 176, 'Metairie', '352 Hansen Tunnel', 'Metairie', '513 Daugherty Flat', 3),
(177, 10, 3, 2021, 177, 'Metairie', '352 Hansen Tunnel', 'Metairie', '513 Daugherty Flat', 2),
(178, 10, 3, 2021, 178, 'Metairie', '352 Hansen Tunnel', 'Metairie', '513 Daugherty Flat', 2),
(179, 10, 3, 2021, 179, 'Metairie', '352 Hansen Tunnel', 'Metairie', '513 Daugherty Flat', 1),
(180, 10, 3, 2021, 180, 'Metairie', '352 Hansen Tunnel', 'Metairie', '513 Daugherty Flat', 1),
(181, 10, 3, 2021, 181, 'Metairie', '352 Hansen Tunnel', 'Metairie', '513 Daugherty Flat', 3),
(182, 10, 3, 2021, 182, 'Metairie', '352 Hansen Tunnel', 'Metairie', '513 Daugherty Flat', 2),
(183, 10, 3, 2021, 183, 'Metairie', '352 Hansen Tunnel', 'Metairie', '513 Daugherty Flat', 3),
(184, 10, 3, 2021, 184, 'Metairie', '352 Hansen Tunnel', 'Metairie', '513 Daugherty Flat', 2),
(185, 10, 3, 2021, 185, 'Metairie', '352 Hansen Tunnel', 'Metairie', '513 Daugherty Flat', 1),
(186, 10, 3, 2021, 186, 'Metairie', '352 Hansen Tunnel', 'Metairie', '513 Daugherty Flat', 3),
(187, 10, 3, 2021, 187, 'Metairie', '352 Hansen Tunnel', 'Metairie', '513 Daugherty Flat', 3),
(188, 10, 3, 2021, 188, 'Metairie', '352 Hansen Tunnel', 'Metairie', '513 Daugherty Flat', 1),
(189, 10, 3, 2021, 189, 'Metairie', '352 Hansen Tunnel', 'Metairie', '513 Daugherty Flat', 2),
(190, 10, 3, 2021, 190, 'Metairie', '352 Hansen Tunnel', 'Metairie', '513 Daugherty Flat', 3),
(191, 10, 3, 2021, 191, 'Metairie', '352 Hansen Tunnel', 'Metairie', '513 Daugherty Flat', 3),
(192, 10, 3, 2021, 192, 'Metairie', '352 Hansen Tunnel', 'Metairie', '513 Daugherty Flat', 3),
(193, 10, 3, 2021, 193, 'Metairie', '352 Hansen Tunnel', 'Metairie', '513 Daugherty Flat', 1),
(194, 10, 3, 2021, 194, 'Metairie', '352 Hansen Tunnel', 'Metairie', '513 Daugherty Flat', 2),
(195, 10, 3, 2021, 195, 'Metairie', '352 Hansen Tunnel', 'Metairie', '513 Daugherty Flat', 1),
(196, 10, 3, 2021, 196, 'Metairie', '352 Hansen Tunnel', 'Metairie', '513 Daugherty Flat', 3),
(197, 10, 3, 2021, 197, 'Metairie', '352 Hansen Tunnel', 'Metairie', '513 Daugherty Flat', 3),
(198, 10, 3, 2021, 198, 'Metairie', '352 Hansen Tunnel', 'Metairie', '513 Daugherty Flat', 1),
(199, 10, 3, 2021, 199, 'Metairie', '352 Hansen Tunnel', 'Metairie', '513 Daugherty Flat', 3),
(200, 10, 3, 2021, 200, 'Metairie', '352 Hansen Tunnel', 'Metairie', '513 Daugherty Flat', 1),
(201, 10, 3, 2021, 201, 'Metairie', '352 Hansen Tunnel', 'Metairie', '513 Daugherty Flat', 1),
(202, 10, 3, 2021, 202, 'Metairie', '352 Hansen Tunnel', 'Metairie', '513 Daugherty Flat', 1),
(203, 10, 3, 2021, 203, 'Metairie', '352 Hansen Tunnel', 'Metairie', '513 Daugherty Flat', 2),
(204, 10, 3, 2021, 204, 'Metairie', '352 Hansen Tunnel', 'Metairie', '513 Daugherty Flat', 1),
(205, 10, 3, 2021, 205, 'Metairie', '352 Hansen Tunnel', 'Metairie', '513 Daugherty Flat', 1),
(206, 10, 3, 2021, 206, 'Metairie', '352 Hansen Tunnel', 'Metairie', '513 Daugherty Flat', 3),
(207, 10, 3, 2021, 207, 'Metairie', '352 Hansen Tunnel', 'Metairie', '513 Daugherty Flat', 1),
(208, 10, 3, 2021, 208, 'Metairie', '352 Hansen Tunnel', 'Metairie', '513 Daugherty Flat', 2),
(209, 10, 3, 2021, 209, 'Metairie', '352 Hansen Tunnel', 'Metairie', '513 Daugherty Flat', 1),
(210, 10, 3, 2021, 210, 'Metairie', '352 Hansen Tunnel', 'Metairie', '513 Daugherty Flat', 1),
(211, 10, 3, 2021, 211, 'Metairie', '352 Hansen Tunnel', 'Metairie', '513 Daugherty Flat', 1),
(212, 10, 3, 2021, 212, 'Metairie', '352 Hansen Tunnel', 'Metairie', '513 Daugherty Flat', 2),
(213, 10, 3, 2021, 213, 'Metairie', '352 Hansen Tunnel', 'Metairie', '513 Daugherty Flat', 1),
(214, 10, 3, 2021, 214, 'Metairie', '352 Hansen Tunnel', 'Metairie', '513 Daugherty Flat', 3),
(215, 10, 3, 2021, 215, 'Metairie', '352 Hansen Tunnel', 'Metairie', '513 Daugherty Flat', 2),
(216, 10, 3, 2021, 216, 'Metairie', '352 Hansen Tunnel', 'Metairie', '513 Daugherty Flat', 1),
(217, 10, 3, 2021, 217, 'Metairie', '352 Hansen Tunnel', 'Metairie', '513 Daugherty Flat', 2),
(218, 10, 3, 2021, 218, 'Metairie', '352 Hansen Tunnel', 'Metairie', '513 Daugherty Flat', 2),
(219, 10, 3, 2021, 219, 'Metairie', '352 Hansen Tunnel', 'Metairie', '513 Daugherty Flat', 2),
(220, 10, 3, 2021, 220, 'Metairie', '352 Hansen Tunnel', 'Metairie', '513 Daugherty Flat', 1),
(221, 10, 3, 2021, 221, 'Metairie', '352 Hansen Tunnel', 'Metairie', '513 Daugherty Flat', 1),
(222, 10, 3, 2021, 222, 'Metairie', '352 Hansen Tunnel', 'Metairie', '513 Daugherty Flat', 1),
(223, 10, 3, 2021, 223, 'Metairie', '352 Hansen Tunnel', 'Metairie', '513 Daugherty Flat', 3),
(224, 10, 3, 2021, 224, 'Metairie', '352 Hansen Tunnel', 'Metairie', '513 Daugherty Flat', 2),
(225, 10, 3, 2021, 225, 'Metairie', '352 Hansen Tunnel', 'Metairie', '513 Daugherty Flat', 1),
(226, 10, 3, 2021, 226, 'Metairie', '352 Hansen Tunnel', 'Metairie', '513 Daugherty Flat', 1),
(227, 10, 3, 2021, 227, 'Metairie', '352 Hansen Tunnel', 'Metairie', '513 Daugherty Flat', 3),
(228, 10, 3, 2021, 228, 'Metairie', '352 Hansen Tunnel', 'Metairie', '513 Daugherty Flat', 3),
(229, 10, 3, 2021, 229, 'Metairie', '352 Hansen Tunnel', 'Metairie', '513 Daugherty Flat', 3),
(230, 10, 3, 2021, 230, 'Metairie', '352 Hansen Tunnel', 'Metairie', '513 Daugherty Flat', 3),
(231, 10, 3, 2021, 231, 'Metairie', '352 Hansen Tunnel', 'Metairie', '513 Daugherty Flat', 3),
(232, 10, 3, 2021, 232, 'Metairie', '352 Hansen Tunnel', 'Metairie', '513 Daugherty Flat', 3),
(233, 10, 3, 2021, 233, 'Metairie', '352 Hansen Tunnel', 'Metairie', '513 Daugherty Flat', 1),
(234, 10, 3, 2021, 234, 'Metairie', '352 Hansen Tunnel', 'Metairie', '513 Daugherty Flat', 3),
(235, 10, 3, 2021, 235, 'Metairie', '352 Hansen Tunnel', 'Metairie', '513 Daugherty Flat', 2),
(236, 10, 3, 2021, 236, 'Metairie', '352 Hansen Tunnel', 'Metairie', '513 Daugherty Flat', 2),
(237, 10, 3, 2021, 237, 'Metairie', '352 Hansen Tunnel', 'Metairie', '513 Daugherty Flat', 1),
(238, 10, 3, 2021, 238, 'Metairie', '352 Hansen Tunnel', 'Metairie', '513 Daugherty Flat', 1),
(239, 10, 3, 2021, 239, 'Metairie', '352 Hansen Tunnel', 'Metairie', '513 Daugherty Flat', 1),
(240, 10, 3, 2021, 240, 'Metairie', '352 Hansen Tunnel', 'Metairie', '513 Daugherty Flat', 1),
(241, 10, 3, 2021, 241, 'Metairie', '352 Hansen Tunnel', 'Metairie', '513 Daugherty Flat', 3),
(242, 10, 3, 2021, 242, 'Metairie', '352 Hansen Tunnel', 'Metairie', '513 Daugherty Flat', 1),
(243, 10, 3, 2021, 243, 'Metairie', '352 Hansen Tunnel', 'Metairie', '513 Daugherty Flat', 2),
(244, 10, 3, 2021, 244, 'Metairie', '352 Hansen Tunnel', 'Metairie', '513 Daugherty Flat', 3),
(245, 10, 3, 2021, 245, 'Metairie', '352 Hansen Tunnel', 'Metairie', '513 Daugherty Flat', 2),
(246, 10, 3, 2021, 246, 'Metairie', '352 Hansen Tunnel', 'Metairie', '513 Daugherty Flat', 3),
(247, 10, 3, 2021, 247, 'Metairie', '352 Hansen Tunnel', 'Metairie', '513 Daugherty Flat', 3),
(248, 10, 3, 2021, 248, 'Metairie', '352 Hansen Tunnel', 'Metairie', '513 Daugherty Flat', 3),
(249, 10, 3, 2021, 249, 'Metairie', '352 Hansen Tunnel', 'Metairie', '513 Daugherty Flat', 3),
(250, 10, 3, 2021, 250, 'Metairie', '352 Hansen Tunnel', 'Metairie', '513 Daugherty Flat', 2),
(251, 10, 3, 2021, 251, 'Metairie', '352 Hansen Tunnel', 'Metairie', '513 Daugherty Flat', 3),
(252, 10, 3, 2021, 252, 'Metairie', '352 Hansen Tunnel', 'Metairie', '513 Daugherty Flat', 3),
(253, 10, 3, 2021, 253, 'Metairie', '352 Hansen Tunnel', 'Metairie', '513 Daugherty Flat', 2),
(254, 10, 3, 2021, 254, 'Metairie', '352 Hansen Tunnel', 'Metairie', '513 Daugherty Flat', 3),
(255, 10, 3, 2021, 255, 'Metairie', '352 Hansen Tunnel', 'Metairie', '513 Daugherty Flat', 3),
(256, 10, 3, 2021, 256, 'Metairie', '352 Hansen Tunnel', 'Metairie', '513 Daugherty Flat', 2),
(257, 10, 3, 2021, 257, 'Metairie', '352 Hansen Tunnel', 'Metairie', '513 Daugherty Flat', 1),
(258, 10, 3, 2021, 258, 'Metairie', '352 Hansen Tunnel', 'Metairie', '513 Daugherty Flat', 3),
(259, 10, 3, 2021, 259, 'Metairie', '352 Hansen Tunnel', 'Metairie', '513 Daugherty Flat', 2),
(260, 10, 3, 2021, 260, 'Metairie', '352 Hansen Tunnel', 'Metairie', '513 Daugherty Flat', 3),
(261, 10, 3, 2021, 261, 'Metairie', '352 Hansen Tunnel', 'Metairie', '513 Daugherty Flat', 1),
(262, 10, 3, 2021, 262, 'Metairie', '352 Hansen Tunnel', 'Metairie', '513 Daugherty Flat', 1),
(263, 10, 3, 2021, 263, 'Metairie', '352 Hansen Tunnel', 'Metairie', '513 Daugherty Flat', 2),
(264, 10, 3, 2021, 264, 'Metairie', '352 Hansen Tunnel', 'Metairie', '513 Daugherty Flat', 2),
(265, 10, 3, 2021, 265, 'Metairie', '352 Hansen Tunnel', 'Metairie', '513 Daugherty Flat', 1),
(266, 10, 3, 2021, 266, 'Metairie', '352 Hansen Tunnel', 'Metairie', '513 Daugherty Flat', 2),
(267, 10, 3, 2021, 267, 'Metairie', '352 Hansen Tunnel', 'Metairie', '513 Daugherty Flat', 3),
(268, 10, 3, 2021, 268, 'Metairie', '352 Hansen Tunnel', 'Metairie', '513 Daugherty Flat', 3),
(269, 10, 3, 2021, 269, 'Metairie', '352 Hansen Tunnel', 'Metairie', '513 Daugherty Flat', 2),
(270, 10, 3, 2021, 270, 'Metairie', '352 Hansen Tunnel', 'Metairie', '513 Daugherty Flat', 1),
(271, 10, 3, 2021, 271, 'Metairie', '352 Hansen Tunnel', 'Metairie', '513 Daugherty Flat', 2),
(272, 10, 3, 2021, 272, 'Metairie', '352 Hansen Tunnel', 'Metairie', '513 Daugherty Flat', 2),
(273, 10, 3, 2021, 273, 'Metairie', '352 Hansen Tunnel', 'Metairie', '513 Daugherty Flat', 1),
(274, 10, 3, 2021, 274, 'Metairie', '352 Hansen Tunnel', 'Metairie', '513 Daugherty Flat', 2),
(275, 10, 3, 2021, 275, 'Metairie', '352 Hansen Tunnel', 'Metairie', '513 Daugherty Flat', 2),
(276, 10, 3, 2021, 276, 'Metairie', '352 Hansen Tunnel', 'Metairie', '513 Daugherty Flat', 2),
(277, 10, 3, 2021, 277, 'Metairie', '352 Hansen Tunnel', 'Metairie', '513 Daugherty Flat', 3),
(278, 10, 3, 2021, 278, 'Metairie', '352 Hansen Tunnel', 'Metairie', '513 Daugherty Flat', 3),
(279, 10, 3, 2021, 279, 'Metairie', '352 Hansen Tunnel', 'Metairie', '513 Daugherty Flat', 3),
(280, 10, 3, 2021, 280, 'Metairie', '352 Hansen Tunnel', 'Metairie', '513 Daugherty Flat', 1),
(281, 10, 3, 2021, 281, 'Metairie', '352 Hansen Tunnel', 'Metairie', '513 Daugherty Flat', 3),
(282, 10, 3, 2021, 282, 'Metairie', '352 Hansen Tunnel', 'Metairie', '513 Daugherty Flat', 3),
(283, 10, 3, 2021, 283, 'Metairie', '352 Hansen Tunnel', 'Metairie', '513 Daugherty Flat', 1),
(284, 10, 3, 2021, 284, 'Metairie', '352 Hansen Tunnel', 'Metairie', '513 Daugherty Flat', 2),
(285, 10, 3, 2021, 285, 'Metairie', '352 Hansen Tunnel', 'Metairie', '513 Daugherty Flat', 2),
(286, 10, 3, 2021, 286, 'Metairie', '352 Hansen Tunnel', 'Metairie', '513 Daugherty Flat', 1),
(287, 10, 3, 2021, 287, 'Metairie', '352 Hansen Tunnel', 'Metairie', '513 Daugherty Flat', 3),
(288, 10, 3, 2021, 288, 'Metairie', '352 Hansen Tunnel', 'Metairie', '513 Daugherty Flat', 3),
(289, 10, 3, 2021, 289, 'Metairie', '352 Hansen Tunnel', 'Metairie', '513 Daugherty Flat', 3),
(290, 10, 3, 2021, 290, 'Metairie', '352 Hansen Tunnel', 'Metairie', '513 Daugherty Flat', 2),
(291, 10, 3, 2021, 291, 'Metairie', '352 Hansen Tunnel', 'Metairie', '513 Daugherty Flat', 2),
(292, 10, 3, 2021, 292, 'Metairie', '352 Hansen Tunnel', 'Metairie', '513 Daugherty Flat', 1),
(293, 10, 3, 2021, 293, 'Metairie', '352 Hansen Tunnel', 'Metairie', '513 Daugherty Flat', 2),
(294, 10, 3, 2021, 294, 'Metairie', '352 Hansen Tunnel', 'Metairie', '513 Daugherty Flat', 3),
(295, 10, 3, 2021, 295, 'Metairie', '352 Hansen Tunnel', 'Metairie', '513 Daugherty Flat', 1),
(296, 10, 3, 2021, 296, 'Metairie', '352 Hansen Tunnel', 'Metairie', '513 Daugherty Flat', 3),
(297, 10, 3, 2021, 297, 'Metairie', '352 Hansen Tunnel', 'Metairie', '513 Daugherty Flat', 3),
(298, 10, 3, 2021, 298, 'Metairie', '352 Hansen Tunnel', 'Metairie', '513 Daugherty Flat', 2),
(299, 10, 3, 2021, 299, 'Metairie', '352 Hansen Tunnel', 'Metairie', '513 Daugherty Flat', 3),
(300, 10, 3, 2021, 300, 'Metairie', '352 Hansen Tunnel', 'Metairie', '513 Daugherty Flat', 2),
(301, 10, 3, 2021, 301, 'Metairie', '352 Hansen Tunnel', 'Metairie', '513 Daugherty Flat', 3),
(302, 10, 3, 2021, 302, 'Metairie', '352 Hansen Tunnel', 'Metairie', '513 Daugherty Flat', 1),
(303, 10, 3, 2021, 303, 'Metairie', '352 Hansen Tunnel', 'Metairie', '513 Daugherty Flat', 2),
(304, 10, 3, 2021, 304, 'Metairie', '352 Hansen Tunnel', 'Metairie', '513 Daugherty Flat', 1),
(305, 10, 3, 2021, 305, 'Metairie', '352 Hansen Tunnel', 'Metairie', '513 Daugherty Flat', 2),
(306, 10, 3, 2021, 306, 'Metairie', '352 Hansen Tunnel', 'Metairie', '513 Daugherty Flat', 3),
(307, 10, 3, 2021, 307, 'Metairie', '352 Hansen Tunnel', 'Metairie', '513 Daugherty Flat', 1),
(308, 10, 3, 2021, 308, 'Metairie', '352 Hansen Tunnel', 'Metairie', '513 Daugherty Flat', 3),
(309, 10, 3, 2021, 309, 'Metairie', '352 Hansen Tunnel', 'Metairie', '513 Daugherty Flat', 1),
(310, 10, 3, 2021, 310, 'Metairie', '352 Hansen Tunnel', 'Metairie', '513 Daugherty Flat', 2),
(311, 10, 3, 2021, 311, 'Metairie', '352 Hansen Tunnel', 'Metairie', '513 Daugherty Flat', 2),
(312, 10, 3, 2021, 312, 'Metairie', '352 Hansen Tunnel', 'Metairie', '513 Daugherty Flat', 2),
(313, 10, 3, 2021, 313, 'Metairie', '352 Hansen Tunnel', 'Metairie', '513 Daugherty Flat', 3),
(314, 10, 3, 2021, 314, 'Metairie', '352 Hansen Tunnel', 'Metairie', '513 Daugherty Flat', 2),
(315, 10, 3, 2021, 315, 'Metairie', '352 Hansen Tunnel', 'Metairie', '513 Daugherty Flat', 1),
(316, 10, 3, 2021, 316, 'Metairie', '352 Hansen Tunnel', 'Metairie', '513 Daugherty Flat', 3),
(317, 10, 3, 2021, 317, 'Metairie', '352 Hansen Tunnel', 'Metairie', '513 Daugherty Flat', 2),
(318, 10, 3, 2021, 318, 'Metairie', '352 Hansen Tunnel', 'Metairie', '513 Daugherty Flat', 2),
(319, 10, 3, 2021, 319, 'Metairie', '352 Hansen Tunnel', 'Metairie', '513 Daugherty Flat', 1),
(320, 10, 3, 2021, 320, 'Metairie', '352 Hansen Tunnel', 'Metairie', '513 Daugherty Flat', 1),
(321, 10, 3, 2021, 321, 'Metairie', '352 Hansen Tunnel', 'Metairie', '513 Daugherty Flat', 3),
(322, 10, 3, 2021, 322, 'Metairie', '352 Hansen Tunnel', 'Metairie', '513 Daugherty Flat', 1),
(323, 10, 3, 2021, 323, 'Metairie', '352 Hansen Tunnel', 'Metairie', '513 Daugherty Flat', 1),
(324, 10, 3, 2021, 324, 'Metairie', '352 Hansen Tunnel', 'Metairie', '513 Daugherty Flat', 2),
(325, 10, 3, 2021, 325, 'Metairie', '352 Hansen Tunnel', 'Metairie', '513 Daugherty Flat', 2),
(326, 10, 3, 2021, 326, 'Metairie', '352 Hansen Tunnel', 'Metairie', '513 Daugherty Flat', 3),
(327, 10, 3, 2021, 327, 'Metairie', '352 Hansen Tunnel', 'Metairie', '513 Daugherty Flat', 1),
(328, 10, 3, 2021, 328, 'Metairie', '352 Hansen Tunnel', 'Metairie', '513 Daugherty Flat', 2),
(329, 10, 3, 2021, 329, 'Metairie', '352 Hansen Tunnel', 'Metairie', '513 Daugherty Flat', 1),
(330, 10, 3, 2021, 330, 'Metairie', '352 Hansen Tunnel', 'Metairie', '513 Daugherty Flat', 2),
(331, 10, 3, 2021, 331, 'Metairie', '352 Hansen Tunnel', 'Metairie', '513 Daugherty Flat', 2),
(332, 10, 3, 2021, 332, 'Metairie', '352 Hansen Tunnel', 'Metairie', '513 Daugherty Flat', 1),
(333, 10, 3, 2021, 333, 'Metairie', '352 Hansen Tunnel', 'Metairie', '513 Daugherty Flat', 2),
(334, 10, 3, 2021, 334, 'Metairie', '352 Hansen Tunnel', 'Metairie', '513 Daugherty Flat', 1),
(335, 10, 3, 2021, 335, 'Metairie', '352 Hansen Tunnel', 'Metairie', '513 Daugherty Flat', 2),
(336, 10, 3, 2021, 336, 'Metairie', '352 Hansen Tunnel', 'Metairie', '513 Daugherty Flat', 1),
(337, 10, 3, 2021, 337, 'Metairie', '352 Hansen Tunnel', 'Metairie', '513 Daugherty Flat', 2),
(338, 10, 3, 2021, 338, 'Metairie', '352 Hansen Tunnel', 'Metairie', '513 Daugherty Flat', 3),
(339, 10, 3, 2021, 339, 'Metairie', '352 Hansen Tunnel', 'Metairie', '513 Daugherty Flat', 2),
(340, 10, 3, 2021, 340, 'Metairie', '352 Hansen Tunnel', 'Metairie', '513 Daugherty Flat', 1),
(341, 10, 3, 2021, 341, 'Metairie', '352 Hansen Tunnel', 'Metairie', '513 Daugherty Flat', 1),
(342, 10, 3, 2021, 342, 'Metairie', '352 Hansen Tunnel', 'Metairie', '513 Daugherty Flat', 2),
(343, 10, 3, 2021, 343, 'Metairie', '352 Hansen Tunnel', 'Metairie', '513 Daugherty Flat', 3),
(344, 10, 3, 2021, 344, 'Metairie', '352 Hansen Tunnel', 'Metairie', '513 Daugherty Flat', 3),
(345, 10, 3, 2021, 345, 'Metairie', '352 Hansen Tunnel', 'Metairie', '513 Daugherty Flat', 1),
(346, 10, 3, 2021, 346, 'Metairie', '352 Hansen Tunnel', 'Metairie', '513 Daugherty Flat', 1),
(347, 10, 3, 2021, 347, 'Metairie', '352 Hansen Tunnel', 'Metairie', '513 Daugherty Flat', 1),
(348, 10, 3, 2021, 348, 'Metairie', '352 Hansen Tunnel', 'Metairie', '513 Daugherty Flat', 3),
(349, 10, 3, 2021, 349, 'Metairie', '352 Hansen Tunnel', 'Metairie', '513 Daugherty Flat', 3),
(350, 10, 3, 2021, 350, 'Metairie', '352 Hansen Tunnel', 'Metairie', '513 Daugherty Flat', 3);

--
-- Indexes for dumped tables
--

--
-- Indexes for table `ClientInfo`
--
ALTER TABLE `ClientInfo`
  ADD PRIMARY KEY (`ClientID`);

--
-- Indexes for table `Employee`
--
ALTER TABLE `Employee`
  ADD PRIMARY KEY (`EmployeeID`),
  ADD UNIQUE KEY `EmployeeID` (`EmployeeID`),
  ADD KEY `FranchiseID` (`FranchiseID`);

--
-- Indexes for table `Franchise`
--
ALTER TABLE `Franchise`
  ADD PRIMARY KEY (`FranchiseID`);

--
-- Indexes for table `JobInfo`
--
ALTER TABLE `JobInfo`
  ADD PRIMARY KEY (`JobID`),
  ADD UNIQUE KEY `JobID` (`JobID`),
  ADD KEY `ClientID` (`ClientID`),
  ADD KEY `FranchiseID` (`FranchiseID`);

--
-- AUTO_INCREMENT for dumped tables
--

--
-- AUTO_INCREMENT for table `ClientInfo`
--
ALTER TABLE `ClientInfo`
  MODIFY `ClientID` int(11) NOT NULL AUTO_INCREMENT, AUTO_INCREMENT=351;

--
-- AUTO_INCREMENT for table `Employee`
--
ALTER TABLE `Employee`
  MODIFY `EmployeeID` int(11) NOT NULL AUTO_INCREMENT, AUTO_INCREMENT=9;

--
-- AUTO_INCREMENT for table `JobInfo`
--
ALTER TABLE `JobInfo`
  MODIFY `JobID` int(11) NOT NULL AUTO_INCREMENT, AUTO_INCREMENT=351;

--
-- Constraints for dumped tables
--

--
-- Constraints for table `Employee`
--
ALTER TABLE `Employee`
  ADD CONSTRAINT `employee_ibfk_1` FOREIGN KEY (`FranchiseID`) REFERENCES `Franchise` (`FranchiseID`);

--
-- Constraints for table `JobInfo`
--
ALTER TABLE `JobInfo`
  ADD CONSTRAINT `jobinfo_ibfk_1` FOREIGN KEY (`ClientID`) REFERENCES `ClientInfo` (`ClientID`),
  ADD CONSTRAINT `jobinfo_ibfk_2` FOREIGN KEY (`FranchiseID`) REFERENCES `Franchise` (`FranchiseID`);
COMMIT;

/*!40101 SET CHARACTER_SET_CLIENT=@OLD_CHARACTER_SET_CLIENT */;
/*!40101 SET CHARACTER_SET_RESULTS=@OLD_CHARACTER_SET_RESULTS */;
/*!40101 SET COLLATION_CONNECTION=@OLD_COLLATION_CONNECTION */;
